{
  "capacitor_0": [],
  "capacitor_180": [],
  "capacitor_270": [],
  "capacitor_90": [],
  "current-arrow_0": [
    [
      533,
      383,
      602,
      451
    ]
  ],
  "current-arrow_180": [],
  "current-arrow_270": [],
  "current-arrow_90": [],
  "current_0": [],
  "current_180": [],
  "current_270": [],
  "current_90": [],
  "gnd_0": [
    [
      643,
      397,
      682,
      435
    ],
    [
      735,
      885,
      774,
      923
    ],
    [
      735,
      1190,
      774,
      1228
    ]
  ],
  "gnd_180": [],
  "gnd_270": [],
  "gnd_90": [],
  "inductor_0": [],
  "inductor_180": [],
  "inductor_270": [],
  "inductor_90": [],
  "net-black_100": [],
  "net-black_10": [],
  "net-black_1111": [],
  "net-black_111": [
    [
      469,
      401,
      499,
      431
    ]
  ],
  "net-black_120": [],
  "net-black_181": [],
  "net-black_190": [],
  "net-black_1": [],
  "net-black_201": [],
  "net-black_210": [],
  "net-black_21": [],
  "net-black_271": [],
  "net-black_280": [],
  "net-black_291": [
    [
      194,
      889,
      224,
      919
    ],
    [
      224,
      1194,
      254,
      1224
    ],
    [
      407,
      1194,
      437,
      1224
    ],
    [
      468,
      889,
      498,
      919
    ]
  ],
  "net-black_300": [],
  "net-black_30": [],
  "net-black_91": [],
  "net-white_100": [
    [
      408,
      1255,
      438,
      1285
    ]
  ],
  "net-white_10": [],
  "net-white_181": [],
  "net-white_190": [],
  "net-white_1": [],
  "net-white_271": [],
  "net-white_280": [
    [
      407,
      127,
      437,
      157
    ]
  ],
  "net-white_91": [],
  "nmos-cross_0": [
    [
      509,
      841,
      581,
      912
    ],
    [
      631,
      841,
      703,
      912
    ]
  ],
  "nmos-cross_180": [],
  "nmos-cross_270": [],
  "nmos-cross_90": [],
  "nmos-mirror-cross_0": [],
  "nmos-mirror-cross_180": [],
  "nmos-mirror-cross_270": [],
  "nmos-mirror-cross_90": [],
  "nmos-mirror_0": [
    [
      389,
      536,
      458,
      600
    ]
  ],
  "nmos-mirror_180": [],
  "nmos-mirror_270": [],
  "nmos-mirror_90": [],
  "nmos_0": [
    [
      387,
      231,
      460,
      302
    ],
    [
      509,
      1146,
      582,
      1217
    ],
    [
      631,
      1146,
      704,
      1217
    ]
  ],
  "nmos_180": [],
  "nmos_270": [],
  "nmos_90": [],
  "pmos-cross_0": [
    [
      298,
      844,
      367,
      908
    ]
  ],
  "pmos-cross_180": [],
  "pmos-cross_270": [],
  "pmos-cross_90": [],
  "pmos-mirror_0": [
    [
      114,
      897,
      187,
      968
    ],
    [
      114,
      1202,
      187,
      1273
    ]
  ],
  "pmos-mirror_180": [],
  "pmos-mirror_270": [],
  "pmos-mirror_90": [],
  "pmos_0": [
    [
      298,
      1149,
      367,
      1213
    ]
  ],
  "pmos_180": [],
  "pmos_270": [],
  "pmos_90": [],
  "resistor_0": [],
  "resistor_180": [],
  "resistor_270": [],
  "resistor_90": [],
  "vdd_0": [
    [
      53,
      872,
      88,
      938
    ],
    [
      53,
      1176,
      88,
      1242
    ]
  ],
  "voltage-lines_0": [],
  "voltage-mirror_0": [],
  "voltage_0": []
}