{
  "capacitor_0": [],
  "capacitor_180": [],
  "capacitor_270": [],
  "capacitor_90": [],
  "current-arrow_0": [
    [
      110,
      757,
      179,
      825
    ]
  ],
  "current-arrow_180": [],
  "current-arrow_270": [],
  "current-arrow_90": [],
  "current_0": [],
  "current_180": [],
  "current_270": [],
  "current_90": [],
  "gnd_0": [
    [
      434,
      420,
      473,
      458
    ],
    [
      434,
      1122,
      473,
      1160
    ],
    [
      556,
      237,
      595,
      275
    ],
    [
      556,
      1305,
      595,
      1343
    ],
    [
      617,
      695,
      656,
      733
    ],
    [
      617,
      848,
      656,
      886
    ]
  ],
  "gnd_180": [],
  "gnd_270": [],
  "gnd_90": [],
  "inductor_0": [],
  "inductor_180": [],
  "inductor_270": [],
  "inductor_90": [],
  "net-black_100": [
    [
      534,
      578,
      565,
      609
    ]
  ],
  "net-black_10": [],
  "net-black_1111": [],
  "net-black_111": [
    [
      168,
      1218,
      198,
      1248
    ],
    [
      412,
      700,
      442,
      730
    ]
  ],
  "net-black_120": [
    [
      168,
      333,
      198,
      363
    ]
  ],
  "net-black_181": [],
  "net-black_190": [],
  "net-black_1": [],
  "net-black_201": [],
  "net-black_210": [],
  "net-black_21": [
    [
      198,
      775,
      228,
      805
    ]
  ],
  "net-black_271": [],
  "net-black_280": [],
  "net-black_291": [
    [
      228,
      424,
      258,
      454
    ],
    [
      320,
      241,
      350,
      271
    ],
    [
      412,
      851,
      442,
      881
    ],
    [
      472,
      699,
      502,
      729
    ]
  ],
  "net-black_300": [],
  "net-black_30": [
    [
      229,
      1126,
      259,
      1156
    ],
    [
      320,
      1310,
      350,
      1340
    ],
    [
      473,
      852,
      503,
      882
    ]
  ],
  "net-black_91": [],
  "net-white_100": [
    [
      320,
      150,
      350,
      180
    ],
    [
      320,
      1401,
      350,
      1431
    ]
  ],
  "net-white_10": [],
  "net-white_181": [],
  "net-white_190": [],
  "net-white_1": [],
  "net-white_271": [],
  "net-white_280": [
    [
      259,
      578,
      289,
      608
    ],
    [
      319,
      577,
      351,
      609
    ]
  ],
  "net-white_91": [],
  "nmos-cross_0": [
    [
      513,
      651,
      585,
      722
    ]
  ],
  "nmos-cross_180": [],
  "nmos-cross_270": [],
  "nmos-cross_90": [],
  "nmos-mirror-cross_0": [],
  "nmos-mirror-cross_180": [],
  "nmos-mirror-cross_270": [],
  "nmos-mirror-cross_90": [],
  "nmos-mirror_0": [
    [
      332,
      436,
      401,
      500
    ],
    [
      454,
      253,
      523,
      317
    ]
  ],
  "nmos-mirror_180": [],
  "nmos-mirror_270": [],
  "nmos-mirror_90": [],
  "nmos_0": [
    [
      330,
      1079,
      403,
      1150
    ],
    [
      452,
      1262,
      525,
      1333
    ],
    [
      513,
      804,
      586,
      875
    ]
  ],
  "nmos_180": [],
  "nmos_270": [],
  "nmos_90": [],
  "pmos-cross_0": [],
  "pmos-cross_180": [],
  "pmos-cross_270": [],
  "pmos-cross_90": [],
  "pmos-mirror_0": [
    [
      148,
      249,
      221,
      320
    ],
    [
      148,
      1134,
      221,
      1205
    ],
    [
      239,
      860,
      312,
      931
    ]
  ],
  "pmos-mirror_180": [],
  "pmos-mirror_270": [],
  "pmos-mirror_90": [],
  "pmos_0": [
    [
      150,
      378,
      219,
      442
    ],
    [
      150,
      1264,
      219,
      1328
    ],
    [
      241,
      654,
      310,
      718
    ]
  ],
  "pmos_180": [],
  "pmos_270": [],
  "pmos_90": [],
  "resistor_0": [],
  "resistor_180": [],
  "resistor_270": [],
  "resistor_90": [],
  "vdd_0": [
    [
      57,
      224,
      92,
      290
    ],
    [
      57,
      406,
      92,
      472
    ],
    [
      57,
      758,
      92,
      824
    ],
    [
      57,
      1109,
      92,
      1175
    ],
    [
      57,
      1292,
      92,
      1358
    ]
  ],
  "voltage-lines_0": [],
  "voltage-mirror_0": [],
  "voltage_0": []
}