{
  "capacitor_0": [],
  "capacitor_180": [],
  "capacitor_270": [],
  "capacitor_90": [
    [
      205,
      433,
      266,
      469
    ]
  ],
  "current-arrow_0": [
    [
      101,
      334,
      170,
      402
    ],
    [
      101,
      516,
      170,
      584
    ],
    [
      468,
      334,
      537,
      402
    ]
  ],
  "current-arrow_180": [],
  "current-arrow_270": [],
  "current-arrow_90": [],
  "current_0": [],
  "current_180": [],
  "current_270": [],
  "current_90": [],
  "gnd_0": [
    [
      546,
      531,
      585,
      569
    ],
    [
      577,
      348,
      616,
      386
    ]
  ],
  "gnd_180": [],
  "gnd_270": [],
  "gnd_90": [],
  "inductor_0": [],
  "inductor_180": [],
  "inductor_270": [],
  "inductor_90": [],
  "net-black_100": [
    [
      280,
      230,
      311,
      261
    ]
  ],
  "net-black_10": [],
  "net-black_1111": [
    [
      219,
      535,
      249,
      565
    ],
    [
      402,
      352,
      432,
      382
    ]
  ],
  "net-black_111": [],
  "net-black_120": [],
  "net-black_181": [],
  "net-black_190": [],
  "net-black_1": [],
  "net-black_201": [],
  "net-black_210": [],
  "net-black_21": [],
  "net-black_271": [],
  "net-black_280": [],
  "net-black_291": [],
  "net-black_300": [],
  "net-black_30": [
    [
      219,
      352,
      249,
      382
    ]
  ],
  "net-black_91": [],
  "net-white_100": [
    [
      219,
      627,
      249,
      657
    ]
  ],
  "net-white_10": [],
  "net-white_181": [],
  "net-white_190": [],
  "net-white_1": [],
  "net-white_271": [],
  "net-white_280": [],
  "net-white_91": [],
  "nmos-cross_0": [],
  "nmos-cross_180": [],
  "nmos-cross_270": [],
  "nmos-cross_90": [],
  "nmos-mirror-cross_0": [],
  "nmos-mirror-cross_180": [],
  "nmos-mirror-cross_270": [],
  "nmos-mirror-cross_90": [],
  "nmos-mirror_0": [],
  "nmos-mirror_180": [],
  "nmos-mirror_270": [],
  "nmos-mirror_90": [],
  "nmos_0": [
    [
      381,
      488,
      454,
      559
    ]
  ],
  "nmos_180": [],
  "nmos_270": [],
  "nmos_90": [],
  "pmos-cross_0": [],
  "pmos-cross_180": [],
  "pmos-cross_270": [],
  "pmos-cross_90": [],
  "pmos-mirror_0": [],
  "pmos-mirror_180": [],
  "pmos-mirror_270": [],
  "pmos-mirror_90": [],
  "pmos_0": [
    [
      140,
      63,
      209,
      127
    ],
    [
      262,
      307,
      331,
      371
    ]
  ],
  "pmos_180": [],
  "pmos_270": [],
  "pmos_90": [],
  "resistor_0": [],
  "resistor_180": [],
  "resistor_270": [],
  "resistor_90": [],
  "vdd_0": [
    [
      46,
      94,
      81,
      154
    ],
    [
      46,
      154,
      81,
      214
    ],
    [
      46,
      214,
      81,
      274
    ],
    [
      46,
      274,
      81,
      334
    ],
    [
      46,
      337,
      81,
      397
    ],
    [
      46,
      397,
      81,
      457
    ],
    [
      46,
      457,
      81,
      517
    ],
    [
      46,
      520,
      81,
      580
    ]
  ],
  "voltage-lines_0": [],
  "voltage-mirror_0": [],
  "voltage_0": []
}