{
  "capacitor_0": [
    [
      512,
      224,
      548,
      285
    ]
  ],
  "capacitor_180": [
    [
      512,
      1260,
      548,
      1321
    ]
  ],
  "capacitor_270": [],
  "capacitor_90": [],
  "current-arrow_0": [
    [
      699,
      769,
      768,
      837
    ]
  ],
  "current-arrow_180": [],
  "current-arrow_270": [],
  "current-arrow_90": [],
  "current_0": [],
  "current_180": [],
  "current_270": [],
  "current_90": [],
  "gnd_0": [
    [
      595,
      234,
      634,
      272
    ],
    [
      595,
      1271,
      634,
      1309
    ],
    [
      625,
      387,
      664,
      425
    ],
    [
      625,
      1180,
      664,
      1218
    ],
    [
      808,
      784,
      847,
      822
    ]
  ],
  "gnd_180": [],
  "gnd_270": [],
  "gnd_90": [],
  "inductor_0": [],
  "inductor_180": [],
  "inductor_270": [],
  "inductor_90": [],
  "net-black_100": [],
  "net-black_10": [],
  "net-black_1111": [],
  "net-black_111": [
    [
      451,
      238,
      481,
      268
    ],
    [
      451,
      1275,
      481,
      1305
    ],
    [
      634,
      787,
      664,
      817
    ]
  ],
  "net-black_120": [],
  "net-black_181": [],
  "net-black_190": [],
  "net-black_1": [],
  "net-black_201": [],
  "net-black_210": [],
  "net-black_21": [],
  "net-black_271": [],
  "net-black_280": [],
  "net-black_291": [
    [
      328,
      635,
      358,
      665
    ],
    [
      450,
      391,
      480,
      421
    ]
  ],
  "net-black_300": [],
  "net-black_30": [
    [
      329,
      940,
      359,
      970
    ],
    [
      451,
      1184,
      481,
      1214
    ]
  ],
  "net-black_91": [],
  "net-white_100": [
    [
      450,
      1367,
      480,
      1397
    ]
  ],
  "net-white_10": [],
  "net-white_181": [],
  "net-white_190": [],
  "net-white_1": [],
  "net-white_271": [],
  "net-white_280": [
    [
      450,
      148,
      480,
      178
    ],
    [
      572,
      513,
      602,
      543
    ],
    [
      663,
      512,
      695,
      544
    ]
  ],
  "net-white_91": [],
  "nmos-cross_0": [
    [
      369,
      586,
      441,
      657
    ]
  ],
  "nmos-cross_180": [],
  "nmos-cross_270": [],
  "nmos-cross_90": [],
  "nmos-mirror-cross_0": [],
  "nmos-mirror-cross_180": [],
  "nmos-mirror-cross_270": [],
  "nmos-mirror-cross_90": [],
  "nmos-mirror_0": [
    [
      554,
      953,
      623,
      1017
    ]
  ],
  "nmos-mirror_180": [],
  "nmos-mirror_270": [],
  "nmos-mirror_90": [],
  "nmos_0": [
    [
      369,
      892,
      442,
      963
    ],
    [
      521,
      343,
      594,
      414
    ],
    [
      521,
      1136,
      594,
      1207
    ],
    [
      552,
      587,
      625,
      658
    ]
  ],
  "nmos_180": [],
  "nmos_270": [],
  "nmos_90": [],
  "pmos-cross_0": [
    [
      97,
      590,
      166,
      654
    ],
    [
      219,
      590,
      288,
      654
    ]
  ],
  "pmos-cross_180": [],
  "pmos-cross_270": [],
  "pmos-cross_90": [],
  "pmos-mirror_0": [
    [
      309,
      399,
      382,
      470
    ]
  ],
  "pmos-mirror_180": [],
  "pmos-mirror_270": [],
  "pmos-mirror_90": [],
  "pmos_0": [
    [
      97,
      895,
      166,
      959
    ],
    [
      219,
      895,
      288,
      959
    ],
    [
      311,
      1139,
      380,
      1203
    ]
  ],
  "pmos_180": [],
  "pmos_270": [],
  "pmos_90": [],
  "resistor_0": [],
  "resistor_180": [],
  "resistor_270": [],
  "resistor_90": [],
  "vdd_0": [
    [
      33,
      620,
      68,
      680
    ],
    [
      35,
      374,
      70,
      440
    ],
    [
      35,
      923,
      70,
      989
    ],
    [
      35,
      1167,
      70,
      1233
    ]
  ],
  "voltage-lines_0": [],
  "voltage-mirror_0": [],
  "voltage_0": []
}