{
  "capacitor_0": [],
  "capacitor_180": [],
  "capacitor_270": [],
  "capacitor_90": [],
  "current-arrow_0": [
    [
      891,
      575,
      960,
      643
    ]
  ],
  "current-arrow_180": [],
  "current-arrow_270": [],
  "current-arrow_90": [],
  "current_0": [],
  "current_180": [],
  "current_270": [],
  "current_90": [],
  "gnd_0": [
    [
      726,
      559,
      765,
      597
    ],
    [
      726,
      620,
      765,
      658
    ],
    [
      909,
      193,
      948,
      231
    ],
    [
      909,
      1017,
      948,
      1055
    ],
    [
      1001,
      590,
      1040,
      628
    ]
  ],
  "gnd_180": [],
  "gnd_270": [],
  "gnd_90": [],
  "inductor_0": [],
  "inductor_180": [],
  "inductor_270": [],
  "inductor_90": [],
  "net-black_100": [
    [
      94,
      381,
      125,
      412
    ],
    [
      216,
      381,
      247,
      412
    ],
    [
      368,
      380,
      399,
      411
    ]
  ],
  "net-black_10": [],
  "net-black_1111": [],
  "net-black_111": [
    [
      307,
      349,
      337,
      379
    ],
    [
      307,
      748,
      337,
      778
    ],
    [
      307,
      869,
      337,
      899
    ],
    [
      551,
      563,
      581,
      593
    ],
    [
      551,
      624,
      581,
      654
    ]
  ],
  "net-black_120": [
    [
      826,
      594,
      856,
      624
    ]
  ],
  "net-black_181": [],
  "net-black_190": [],
  "net-black_1": [],
  "net-black_201": [],
  "net-black_210": [],
  "net-black_21": [
    [
      825,
      441,
      855,
      471
    ],
    [
      825,
      777,
      855,
      807
    ]
  ],
  "net-black_271": [],
  "net-black_280": [],
  "net-black_291": [
    [
      306,
      472,
      336,
      502
    ],
    [
      581,
      197,
      611,
      227
    ],
    [
      764,
      1022,
      794,
      1052
    ]
  ],
  "net-black_300": [],
  "net-black_30": [
    [
      582,
      1021,
      612,
      1051
    ],
    [
      765,
      197,
      795,
      227
    ]
  ],
  "net-black_91": [],
  "net-white_100": [
    [
      581,
      1082,
      611,
      1112
    ]
  ],
  "net-white_10": [],
  "net-white_181": [],
  "net-white_190": [],
  "net-white_1": [],
  "net-white_271": [],
  "net-white_280": [
    [
      580,
      135,
      612,
      167
    ]
  ],
  "net-white_91": [],
  "nmos-cross_0": [
    [
      347,
      423,
      419,
      494
    ]
  ],
  "nmos-cross_180": [],
  "nmos-cross_270": [],
  "nmos-cross_90": [],
  "nmos-mirror-cross_0": [],
  "nmos-mirror-cross_180": [],
  "nmos-mirror-cross_270": [],
  "nmos-mirror-cross_90": [],
  "nmos-mirror_0": [
    [
      471,
      759,
      540,
      823
    ],
    [
      624,
      637,
      693,
      701
    ],
    [
      807,
      210,
      876,
      274
    ]
  ],
  "nmos-mirror_180": [],
  "nmos-mirror_270": [],
  "nmos-mirror_90": [],
  "nmos_0": [
    [
      347,
      699,
      420,
      770
    ],
    [
      469,
      424,
      542,
      495
    ],
    [
      622,
      516,
      695,
      587
    ],
    [
      805,
      974,
      878,
      1045
    ]
  ],
  "nmos_180": [],
  "nmos_270": [],
  "nmos_90": [],
  "pmos-cross_0": [
    [
      198,
      426,
      267,
      490
    ]
  ],
  "pmos-cross_180": [],
  "pmos-cross_270": [],
  "pmos-cross_90": [],
  "pmos-mirror_0": [
    [
      287,
      205,
      360,
      276
    ]
  ],
  "pmos-mirror_180": [],
  "pmos-mirror_270": [],
  "pmos-mirror_90": [],
  "pmos_0": [
    [
      198,
      701,
      267,
      765
    ],
    [
      289,
      976,
      358,
      1040
    ]
  ],
  "pmos_180": [],
  "pmos_270": [],
  "pmos_90": [],
  "resistor_0": [],
  "resistor_180": [],
  "resistor_270": [
    [
      756,
      343,
      807,
      399
    ],
    [
      756,
      862,
      807,
      918
    ]
  ],
  "resistor_90": [],
  "vdd_0": [
    [
      42,
      182,
      77,
      242
    ],
    [
      42,
      242,
      77,
      302
    ],
    [
      42,
      302,
      77,
      362
    ],
    [
      42,
      362,
      77,
      422
    ],
    [
      42,
      457,
      77,
      517
    ],
    [
      42,
      517,
      77,
      577
    ],
    [
      42,
      577,
      77,
      637
    ],
    [
      42,
      637,
      77,
      697
    ],
    [
      42,
      731,
      77,
      791
    ],
    [
      42,
      791,
      77,
      851
    ],
    [
      42,
      851,
      77,
      911
    ],
    [
      42,
      911,
      77,
      971
    ],
    [
      42,
      1006,
      77,
      1066
    ]
  ],
  "voltage-lines_0": [],
  "voltage-mirror_0": [],
  "voltage_0": []
}