{
  "capacitor_0": [],
  "capacitor_180": [],
  "capacitor_270": [],
  "capacitor_90": [
    [
      311,
      502,
      372,
      538
    ],
    [
      311,
      929,
      372,
      965
    ],
    [
      433,
      319,
      494,
      355
    ],
    [
      524,
      319,
      585,
      355
    ]
  ],
  "current-arrow_0": [
    [
      603,
      693,
      672,
      761
    ]
  ],
  "current-arrow_180": [],
  "current-arrow_270": [],
  "current-arrow_90": [],
  "current_0": [],
  "current_180": [],
  "current_270": [],
  "current_90": [],
  "gnd_0": [
    [
      713,
      707,
      752,
      745
    ]
  ],
  "gnd_180": [],
  "gnd_270": [],
  "gnd_90": [],
  "inductor_0": [],
  "inductor_180": [],
  "inductor_270": [],
  "inductor_90": [],
  "net-black_100": [
    [
      142,
      467,
      173,
      498
    ]
  ],
  "net-black_10": [
    [
      720,
      254,
      751,
      285
    ]
  ],
  "net-black_1111": [
    [
      325,
      589,
      355,
      619
    ],
    [
      325,
      833,
      355,
      863
    ]
  ],
  "net-black_111": [
    [
      508,
      711,
      538,
      741
    ],
    [
      539,
      254,
      569,
      284
    ]
  ],
  "net-black_120": [],
  "net-black_181": [],
  "net-black_190": [],
  "net-black_1": [],
  "net-black_201": [],
  "net-black_210": [],
  "net-black_21": [
    [
      446,
      254,
      476,
      284
    ],
    [
      446,
      406,
      476,
      436
    ]
  ],
  "net-black_271": [
    [
      263,
      253,
      294,
      284
    ]
  ],
  "net-black_280": [],
  "net-black_291": [
    [
      264,
      589,
      294,
      619
    ],
    [
      324,
      1016,
      354,
      1046
    ],
    [
      446,
      1016,
      476,
      1046
    ]
  ],
  "net-black_300": [],
  "net-black_30": [
    [
      264,
      833,
      294,
      863
    ],
    [
      325,
      406,
      355,
      436
    ]
  ],
  "net-black_91": [],
  "net-white_100": [
    [
      325,
      650,
      355,
      680
    ],
    [
      448,
      133,
      478,
      163
    ]
  ],
  "net-white_10": [
    [
      380,
      255,
      410,
      285
    ],
    [
      654,
      255,
      684,
      285
    ]
  ],
  "net-white_181": [],
  "net-white_190": [],
  "net-white_1": [],
  "net-white_271": [],
  "net-white_280": [
    [
      265,
      533,
      295,
      563
    ],
    [
      265,
      952,
      295,
      982
    ],
    [
      324,
      772,
      356,
      804
    ],
    [
      446,
      71,
      476,
      101
    ],
    [
      538,
      71,
      568,
      101
    ]
  ],
  "net-white_91": [],
  "nmos-cross_0": [],
  "nmos-cross_180": [],
  "nmos-cross_270": [],
  "nmos-cross_90": [],
  "nmos-mirror-cross_0": [],
  "nmos-mirror-cross_180": [],
  "nmos-mirror-cross_270": [],
  "nmos-mirror-cross_90": [],
  "nmos-mirror_0": [
    [
      428,
      846,
      497,
      910
    ]
  ],
  "nmos-mirror_180": [],
  "nmos-mirror_270": [],
  "nmos-mirror_90": [],
  "nmos_0": [
    [
      426,
      542,
      499,
      613
    ]
  ],
  "nmos_180": [],
  "nmos_270": [],
  "nmos_90": [],
  "pmos-cross_0": [
    [
      124,
      544,
      193,
      608
    ]
  ],
  "pmos-cross_180": [],
  "pmos-cross_270": [],
  "pmos-cross_90": [],
  "pmos-mirror_0": [],
  "pmos-mirror_180": [],
  "pmos-mirror_270": [],
  "pmos-mirror_90": [],
  "pmos_0": [
    [
      124,
      788,
      193,
      852
    ]
  ],
  "pmos_180": [],
  "pmos_270": [],
  "pmos_90": [],
  "resistor_0": [],
  "resistor_180": [],
  "resistor_270": [],
  "resistor_90": [],
  "vdd_0": [
    [
      31,
      572,
      66,
      638
    ],
    [
      31,
      816,
      66,
      882
    ]
  ],
  "voltage-lines_0": [],
  "voltage-mirror_0": [],
  "voltage_0": []
}