{
  "capacitor_0": [],
  "capacitor_180": [],
  "capacitor_270": [],
  "capacitor_90": [],
  "current-arrow_0": [
    [
      476,
      558,
      545,
      626
    ]
  ],
  "current-arrow_180": [],
  "current-arrow_270": [],
  "current-arrow_90": [],
  "current_0": [],
  "current_180": [],
  "current_270": [],
  "current_90": [],
  "gnd_0": [
    [
      586,
      572,
      625,
      610
    ],
    [
      738,
      206,
      777,
      244
    ],
    [
      738,
      938,
      777,
      976
    ]
  ],
  "gnd_180": [],
  "gnd_270": [],
  "gnd_90": [],
  "inductor_0": [],
  "inductor_180": [],
  "inductor_270": [],
  "inductor_90": [],
  "net-black_100": [
    [
      655,
      89,
      686,
      120
    ]
  ],
  "net-black_10": [],
  "net-black_1111": [
    [
      228,
      423,
      258,
      453
    ],
    [
      228,
      728,
      258,
      758
    ]
  ],
  "net-black_111": [
    [
      411,
      576,
      441,
      606
    ]
  ],
  "net-black_120": [],
  "net-black_181": [],
  "net-black_190": [],
  "net-black_1": [],
  "net-black_201": [],
  "net-black_210": [],
  "net-black_21": [],
  "net-black_271": [],
  "net-black_280": [],
  "net-black_291": [
    [
      471,
      210,
      501,
      240
    ]
  ],
  "net-black_300": [],
  "net-black_30": [
    [
      472,
      942,
      502,
      972
    ]
  ],
  "net-black_91": [],
  "net-white_100": [
    [
      472,
      1034,
      502,
      1064
    ]
  ],
  "net-white_10": [],
  "net-white_181": [],
  "net-white_190": [],
  "net-white_1": [],
  "net-white_271": [],
  "net-white_280": [
    [
      349,
      301,
      381,
      333
    ],
    [
      441,
      301,
      473,
      333
    ],
    [
      471,
      119,
      501,
      149
    ]
  ],
  "net-white_91": [],
  "nmos-cross_0": [
    [
      634,
      161,
      706,
      232
    ]
  ],
  "nmos-cross_180": [],
  "nmos-cross_270": [],
  "nmos-cross_90": [],
  "nmos-mirror-cross_0": [],
  "nmos-mirror-cross_180": [],
  "nmos-mirror-cross_270": [],
  "nmos-mirror-cross_90": [],
  "nmos-mirror_0": [
    [
      331,
      741,
      400,
      805
    ]
  ],
  "nmos-mirror_180": [],
  "nmos-mirror_270": [],
  "nmos-mirror_90": [],
  "nmos_0": [
    [
      329,
      376,
      402,
      447
    ],
    [
      634,
      894,
      707,
      965
    ]
  ],
  "nmos_180": [],
  "nmos_270": [],
  "nmos_90": [],
  "pmos-cross_0": [],
  "pmos-cross_180": [],
  "pmos-cross_270": [],
  "pmos-cross_90": [],
  "pmos-mirror_0": [
    [
      117,
      431,
      190,
      502
    ],
    [
      208,
      218,
      281,
      289
    ]
  ],
  "pmos-mirror_180": [],
  "pmos-mirror_270": [],
  "pmos-mirror_90": [],
  "pmos_0": [
    [
      119,
      683,
      188,
      747
    ],
    [
      210,
      897,
      279,
      961
    ]
  ],
  "pmos_180": [],
  "pmos_270": [],
  "pmos_90": [],
  "resistor_0": [],
  "resistor_180": [],
  "resistor_270": [],
  "resistor_90": [],
  "vdd_0": [
    [
      56,
      193,
      91,
      259
    ],
    [
      56,
      406,
      91,
      472
    ],
    [
      56,
      711,
      91,
      777
    ],
    [
      56,
      925,
      91,
      991
    ]
  ],
  "voltage-lines_0": [],
  "voltage-mirror_0": [],
  "voltage_0": []
}