{
  "capacitor_0": [
    [
      436,
      1026,
      472,
      1087
    ]
  ],
  "capacitor_180": [
    [
      436,
      1239,
      472,
      1300
    ]
  ],
  "capacitor_270": [],
  "capacitor_90": [],
  "current-arrow_0": [
    [
      104,
      366,
      173,
      434
    ]
  ],
  "current-arrow_180": [],
  "current-arrow_270": [],
  "current-arrow_90": [],
  "current_0": [],
  "current_180": [],
  "current_270": [],
  "current_90": [],
  "gnd_0": [
    [
      519,
      792,
      558,
      830
    ],
    [
      519,
      945,
      558,
      983
    ],
    [
      519,
      1036,
      558,
      1074
    ],
    [
      519,
      1251,
      558,
      1289
    ],
    [
      519,
      1342,
      558,
      1380
    ],
    [
      519,
      1494,
      558,
      1532
    ],
    [
      610,
      304,
      649,
      342
    ],
    [
      610,
      456,
      649,
      494
    ]
  ],
  "gnd_180": [],
  "gnd_270": [],
  "gnd_90": [],
  "inductor_0": [],
  "inductor_180": [],
  "inductor_270": [],
  "inductor_90": [],
  "net-black_100": [
    [
      527,
      186,
      558,
      217
    ]
  ],
  "net-black_10": [],
  "net-black_1111": [],
  "net-black_111": [
    [
      131,
      857,
      161,
      887
    ],
    [
      131,
      1438,
      161,
      1468
    ],
    [
      191,
      767,
      221,
      797
    ]
  ],
  "net-black_120": [],
  "net-black_181": [],
  "net-black_190": [],
  "net-black_1": [],
  "net-black_201": [],
  "net-black_210": [],
  "net-black_21": [
    [
      191,
      384,
      221,
      414
    ]
  ],
  "net-black_271": [],
  "net-black_280": [],
  "net-black_291": [
    [
      191,
      1529,
      221,
      1559
    ],
    [
      374,
      1346,
      404,
      1376
    ]
  ],
  "net-black_300": [],
  "net-black_30": [
    [
      375,
      949,
      405,
      979
    ],
    [
      436,
      308,
      466,
      338
    ],
    [
      466,
      461,
      496,
      491
    ]
  ],
  "net-black_91": [],
  "net-white_100": [
    [
      252,
      582,
      282,
      612
    ]
  ],
  "net-white_10": [],
  "net-white_181": [],
  "net-white_190": [],
  "net-white_1": [],
  "net-white_271": [],
  "net-white_280": [
    [
      251,
      185,
      283,
      217
    ]
  ],
  "net-white_91": [],
  "nmos-cross_0": [
    [
      415,
      748,
      487,
      819
    ],
    [
      506,
      259,
      578,
      330
    ]
  ],
  "nmos-cross_180": [],
  "nmos-cross_270": [],
  "nmos-cross_90": [],
  "nmos-mirror-cross_0": [
    [
      417,
      1511,
      486,
      1575
    ]
  ],
  "nmos-mirror-cross_180": [],
  "nmos-mirror-cross_270": [],
  "nmos-mirror-cross_90": [],
  "nmos-mirror_0": [
    [
      417,
      1358,
      486,
      1422
    ]
  ],
  "nmos-mirror_180": [],
  "nmos-mirror_270": [],
  "nmos-mirror_90": [],
  "nmos_0": [
    [
      415,
      901,
      488,
      972
    ],
    [
      506,
      413,
      579,
      484
    ]
  ],
  "nmos_180": [],
  "nmos_270": [],
  "nmos_90": [],
  "pmos-cross_0": [],
  "pmos-cross_180": [],
  "pmos-cross_270": [],
  "pmos-cross_90": [],
  "pmos-mirror_0": [
    [
      111,
      774,
      184,
      845
    ],
    [
      111,
      1353,
      184,
      1424
    ],
    [
      233,
      468,
      306,
      539
    ]
  ],
  "pmos-mirror_180": [],
  "pmos-mirror_270": [],
  "pmos-mirror_90": [],
  "pmos_0": [
    [
      113,
      904,
      182,
      968
    ],
    [
      113,
      1483,
      182,
      1547
    ],
    [
      235,
      263,
      304,
      327
    ]
  ],
  "pmos_180": [],
  "pmos_270": [],
  "pmos_90": [],
  "resistor_0": [],
  "resistor_180": [],
  "resistor_270": [],
  "resistor_90": [],
  "vdd_0": [
    [
      50,
      367,
      85,
      433
    ],
    [
      50,
      748,
      85,
      814
    ],
    [
      50,
      931,
      85,
      997
    ],
    [
      50,
      1328,
      85,
      1394
    ],
    [
      50,
      1511,
      85,
      1577
    ]
  ],
  "voltage-lines_0": [],
  "voltage-mirror_0": [],
  "voltage_0": []
}