{
  "capacitor_0": [],
  "capacitor_180": [],
  "capacitor_270": [],
  "capacitor_90": [],
  "current-arrow_0": [],
  "current-arrow_180": [],
  "current-arrow_270": [],
  "current-arrow_90": [],
  "current_0": [
    [
      258,
      757,
      305,
      785
    ]
  ],
  "current_180": [],
  "current_270": [],
  "current_90": [],
  "gnd_0": [
    [
      752,
      338,
      796,
      381
    ],
    [
      912,
      721,
      956,
      764
    ]
  ],
  "gnd_180": [
    [
      415,
      339,
      459,
      382
    ]
  ],
  "gnd_270": [],
  "gnd_90": [],
  "inductor_0": [],
  "inductor_180": [],
  "inductor_270": [],
  "inductor_90": [],
  "net-black_100": [
    [
      127,
      121,
      158,
      152
    ],
    [
      510,
      121,
      541,
      152
    ],
    [
      669,
      217,
      700,
      248
    ]
  ],
  "net-black_10": [],
  "net-black_1111": [
    [
      508,
      727,
      538,
      757
    ]
  ],
  "net-black_111": [],
  "net-black_120": [],
  "net-black_181": [
    [
      254,
      121,
      285,
      152
    ]
  ],
  "net-black_190": [],
  "net-black_1": [],
  "net-black_201": [],
  "net-black_210": [],
  "net-black_21": [],
  "net-black_271": [],
  "net-black_280": [],
  "net-black_291": [
    [
      571,
      345,
      601,
      375
    ]
  ],
  "net-black_300": [],
  "net-black_30": [
    [
      349,
      249,
      379,
      279
    ]
  ],
  "net-black_91": [],
  "net-white_100": [],
  "net-white_10": [],
  "net-white_181": [],
  "net-white_190": [],
  "net-white_1": [],
  "net-white_271": [],
  "net-white_280": [
    [
      827,
      599,
      859,
      631
    ]
  ],
  "net-white_91": [],
  "nmos-cross_0": [],
  "nmos-cross_180": [],
  "nmos-cross_270": [],
  "nmos-cross_90": [],
  "nmos-mirror-cross_0": [],
  "nmos-mirror-cross_180": [],
  "nmos-mirror-cross_270": [],
  "nmos-mirror-cross_90": [],
  "nmos-mirror_0": [],
  "nmos-mirror_180": [],
  "nmos-mirror_270": [],
  "nmos-mirror_90": [],
  "nmos_0": [
    [
      326,
      677,
      401,
      748
    ],
    [
      486,
      199,
      561,
      270
    ],
    [
      645,
      294,
      720,
      365
    ],
    [
      805,
      677,
      880,
      748
    ]
  ],
  "nmos_180": [
    [
      488,
      355,
      563,
      426
    ]
  ],
  "nmos_270": [],
  "nmos_90": [],
  "pmos-cross_0": [],
  "pmos-cross_180": [],
  "pmos-cross_270": [],
  "pmos-cross_90": [],
  "pmos-mirror_0": [],
  "pmos-mirror_180": [],
  "pmos-mirror_270": [],
  "pmos-mirror_90": [],
  "pmos_0": [
    [
      106,
      200,
      180,
      269
    ],
    [
      233,
      200,
      307,
      269
    ]
  ],
  "pmos_180": [],
  "pmos_270": [],
  "pmos_90": [],
  "resistor_0": [],
  "resistor_180": [],
  "resistor_270": [],
  "resistor_90": [],
  "vdd_0": [
    [
      41,
      232,
      76,
      298
    ]
  ],
  "voltage-lines_0": [],
  "voltage-mirror_0": [],
  "voltage_0": []
}