{
  "capacitor_0": [],
  "capacitor_180": [],
  "capacitor_270": [],
  "capacitor_90": [],
  "current-arrow_0": [
    [
      102,
      262,
      173,
      334
    ],
    [
      103,
      422,
      174,
      494
    ],
    [
      549,
      582,
      620,
      654
    ]
  ],
  "current-arrow_180": [],
  "current-arrow_270": [
    [
      270,
      135,
      342,
      206
    ]
  ],
  "current-arrow_90": [],
  "current_0": [],
  "current_180": [],
  "current_270": [],
  "current_90": [],
  "gnd_0": [
    [
      374,
      436,
      418,
      479
    ],
    [
      566,
      276,
      610,
      319
    ],
    [
      661,
      595,
      705,
      638
    ]
  ],
  "gnd_180": [],
  "gnd_270": [],
  "gnd_90": [
    [
      284,
      51,
      327,
      95
    ]
  ],
  "inductor_0": [],
  "inductor_180": [],
  "inductor_270": [],
  "inductor_90": [],
  "net-black_100": [],
  "net-black_10": [],
  "net-black_1111": [],
  "net-black_111": [
    [
      290,
      283,
      320,
      313
    ]
  ],
  "net-black_120": [],
  "net-black_181": [],
  "net-black_190": [],
  "net-black_1": [],
  "net-black_201": [],
  "net-black_210": [],
  "net-black_21": [],
  "net-black_271": [],
  "net-black_280": [],
  "net-black_291": [
    [
      481,
      602,
      511,
      632
    ]
  ],
  "net-black_300": [],
  "net-black_30": [
    [
      226,
      442,
      256,
      472
    ]
  ],
  "net-black_91": [],
  "net-white_100": [
    [
      481,
      697,
      513,
      729
    ]
  ],
  "net-white_10": [],
  "net-white_181": [],
  "net-white_190": [],
  "net-white_1": [],
  "net-white_271": [],
  "net-white_280": [],
  "net-white_91": [],
  "nmos-cross_0": [],
  "nmos-cross_180": [],
  "nmos-cross_270": [],
  "nmos-cross_90": [],
  "nmos-mirror-cross_0": [],
  "nmos-mirror-cross_180": [],
  "nmos-mirror-cross_270": [],
  "nmos-mirror-cross_90": [],
  "nmos-mirror_0": [
    [
      460,
      294,
      534,
      363
    ]
  ],
  "nmos-mirror_180": [],
  "nmos-mirror_270": [],
  "nmos-mirror_90": [],
  "nmos_0": [
    [
      267,
      392,
      342,
      463
    ]
  ],
  "nmos_180": [],
  "nmos_270": [],
  "nmos_90": [],
  "pmos-cross_0": [],
  "pmos-cross_180": [],
  "pmos-cross_270": [],
  "pmos-cross_90": [],
  "pmos-mirror_0": [],
  "pmos-mirror_180": [],
  "pmos-mirror_270": [],
  "pmos-mirror_90": [],
  "pmos_0": [
    [
      206,
      552,
      280,
      621
    ]
  ],
  "pmos_180": [],
  "pmos_270": [],
  "pmos_90": [],
  "resistor_0": [],
  "resistor_180": [],
  "resistor_270": [],
  "resistor_90": [],
  "vdd_0": [
    [
      46,
      266,
      81,
      332
    ],
    [
      46,
      425,
      81,
      491
    ],
    [
      46,
      584,
      81,
      650
    ]
  ],
  "voltage-lines_0": [],
  "voltage-mirror_0": [],
  "voltage_0": []
}