{
  "capacitor_0": [],
  "capacitor_180": [
    [
      567,
      1235,
      603,
      1296
    ],
    [
      568,
      217,
      604,
      278
    ]
  ],
  "capacitor_270": [
    [
      491,
      1043,
      552,
      1079
    ]
  ],
  "capacitor_90": [
    [
      492,
      495,
      553,
      531
    ]
  ],
  "current-arrow_0": [
    [
      571,
      347,
      640,
      415
    ],
    [
      571,
      1140,
      640,
      1208
    ],
    [
      723,
      743,
      792,
      811
    ]
  ],
  "current-arrow_180": [],
  "current-arrow_270": [],
  "current-arrow_90": [],
  "current_0": [],
  "current_180": [],
  "current_270": [],
  "current_90": [],
  "gnd_0": [
    [
      650,
      228,
      689,
      266
    ],
    [
      650,
      1246,
      689,
      1284
    ],
    [
      680,
      362,
      719,
      400
    ],
    [
      680,
      1154,
      719,
      1192
    ],
    [
      833,
      758,
      872,
      796
    ]
  ],
  "gnd_180": [],
  "gnd_270": [],
  "gnd_90": [],
  "inductor_0": [],
  "inductor_180": [],
  "inductor_270": [],
  "inductor_90": [],
  "net-black_100": [],
  "net-black_10": [],
  "net-black_1111": [],
  "net-black_111": [
    [
      506,
      232,
      536,
      262
    ],
    [
      506,
      1158,
      536,
      1188
    ],
    [
      506,
      1250,
      536,
      1280
    ],
    [
      659,
      762,
      689,
      792
    ]
  ],
  "net-black_120": [],
  "net-black_181": [],
  "net-black_190": [],
  "net-black_1": [],
  "net-black_201": [],
  "net-black_210": [],
  "net-black_21": [],
  "net-black_271": [],
  "net-black_280": [],
  "net-black_291": [
    [
      353,
      610,
      383,
      640
    ],
    [
      505,
      610,
      535,
      640
    ]
  ],
  "net-black_300": [],
  "net-black_30": [
    [
      353,
      914,
      383,
      944
    ],
    [
      506,
      366,
      536,
      396
    ],
    [
      506,
      914,
      536,
      944
    ]
  ],
  "net-black_91": [],
  "net-white_100": [
    [
      506,
      1341,
      536,
      1371
    ]
  ],
  "net-white_10": [],
  "net-white_181": [],
  "net-white_190": [],
  "net-white_1": [],
  "net-white_271": [],
  "net-white_280": [
    [
      505,
      140,
      537,
      172
    ],
    [
      597,
      488,
      627,
      518
    ],
    [
      688,
      487,
      720,
      519
    ]
  ],
  "net-white_91": [],
  "nmos-cross_0": [
    [
      394,
      561,
      466,
      632
    ]
  ],
  "nmos-cross_180": [],
  "nmos-cross_270": [],
  "nmos-cross_90": [],
  "nmos-mirror-cross_0": [],
  "nmos-mirror-cross_180": [],
  "nmos-mirror-cross_270": [],
  "nmos-mirror-cross_90": [],
  "nmos-mirror_0": [
    [
      579,
      927,
      648,
      991
    ]
  ],
  "nmos-mirror_180": [],
  "nmos-mirror_270": [],
  "nmos-mirror_90": [],
  "nmos_0": [
    [
      393,
      867,
      466,
      938
    ],
    [
      576,
      562,
      649,
      633
    ]
  ],
  "nmos_180": [],
  "nmos_270": [],
  "nmos_90": [],
  "pmos-cross_0": [
    [
      122,
      564,
      191,
      628
    ],
    [
      244,
      564,
      313,
      628
    ]
  ],
  "pmos-cross_180": [],
  "pmos-cross_270": [],
  "pmos-cross_90": [],
  "pmos-mirror_0": [
    [
      211,
      374,
      284,
      445
    ]
  ],
  "pmos-mirror_180": [],
  "pmos-mirror_270": [],
  "pmos-mirror_90": [],
  "pmos_0": [
    [
      122,
      869,
      191,
      933
    ],
    [
      213,
      1113,
      282,
      1177
    ],
    [
      244,
      869,
      313,
      933
    ]
  ],
  "pmos_180": [],
  "pmos_270": [],
  "pmos_90": [],
  "resistor_0": [],
  "resistor_180": [],
  "resistor_270": [],
  "resistor_90": [],
  "vdd_0": [
    [
      58,
      351,
      93,
      411
    ],
    [
      58,
      411,
      93,
      471
    ],
    [
      58,
      471,
      93,
      531
    ],
    [
      58,
      531,
      93,
      591
    ],
    [
      58,
      676,
      93,
      736
    ],
    [
      58,
      736,
      93,
      796
    ],
    [
      58,
      796,
      93,
      856
    ],
    [
      58,
      899,
      93,
      959
    ],
    [
      58,
      959,
      93,
      1019
    ],
    [
      58,
      1019,
      93,
      1079
    ],
    [
      58,
      1079,
      93,
      1139
    ],
    [
      58,
      1143,
      93,
      1203
    ]
  ],
  "voltage-lines_0": [],
  "voltage-mirror_0": [],
  "voltage_0": []
}