{
  "capacitor_0": [],
  "capacitor_180": [
    [
      510,
      709,
      546,
      770
    ]
  ],
  "capacitor_270": [],
  "capacitor_90": [],
  "current-arrow_0": [
    [
      849,
      370,
      918,
      438
    ]
  ],
  "current-arrow_180": [],
  "current-arrow_270": [],
  "current-arrow_90": [],
  "current_0": [],
  "current_180": [],
  "current_270": [],
  "current_90": [],
  "gnd_0": [
    [
      592,
      720,
      631,
      758
    ],
    [
      958,
      385,
      997,
      423
    ]
  ],
  "gnd_180": [],
  "gnd_270": [],
  "gnd_90": [],
  "inductor_0": [],
  "inductor_180": [],
  "inductor_270": [],
  "inductor_90": [],
  "net-black_100": [
    [
      327,
      419,
      358,
      450
    ],
    [
      540,
      114,
      571,
      145
    ]
  ],
  "net-black_10": [],
  "net-black_1111": [],
  "net-black_111": [
    [
      144,
      328,
      174,
      358
    ],
    [
      449,
      724,
      479,
      754
    ]
  ],
  "net-black_120": [
    [
      784,
      389,
      814,
      419
    ]
  ],
  "net-black_181": [],
  "net-black_190": [],
  "net-black_1": [],
  "net-black_201": [],
  "net-black_210": [],
  "net-black_21": [],
  "net-black_271": [],
  "net-black_280": [],
  "net-black_291": [],
  "net-black_300": [],
  "net-black_30": [
    [
      235,
      236,
      265,
      266
    ],
    [
      448,
      541,
      478,
      571
    ]
  ],
  "net-black_91": [],
  "net-white_100": [
    [
      449,
      815,
      479,
      845
    ]
  ],
  "net-white_10": [],
  "net-white_181": [],
  "net-white_190": [],
  "net-white_1": [],
  "net-white_271": [],
  "net-white_280": [
    [
      722,
      83,
      754,
      115
    ],
    [
      814,
      84,
      844,
      114
    ]
  ],
  "net-white_91": [],
  "nmos-cross_0": [
    [
      519,
      188,
      591,
      259
    ]
  ],
  "nmos-cross_180": [],
  "nmos-cross_270": [],
  "nmos-cross_90": [],
  "nmos-mirror-cross_0": [],
  "nmos-mirror-cross_180": [],
  "nmos-mirror-cross_270": [],
  "nmos-mirror-cross_90": [],
  "nmos-mirror_0": [
    [
      704,
      554,
      773,
      618
    ]
  ],
  "nmos-mirror_180": [],
  "nmos-mirror_270": [],
  "nmos-mirror_90": [],
  "nmos_0": [
    [
      519,
      493,
      592,
      564
    ],
    [
      702,
      189,
      775,
      260
    ]
  ],
  "nmos_180": [],
  "nmos_270": [],
  "nmos_90": [],
  "pmos-cross_0": [],
  "pmos-cross_180": [],
  "pmos-cross_270": [],
  "pmos-cross_90": [],
  "pmos-mirror_0": [
    [
      124,
      244,
      197,
      315
    ]
  ],
  "pmos-mirror_180": [],
  "pmos-mirror_270": [],
  "pmos-mirror_90": [],
  "pmos_0": [
    [
      126,
      496,
      195,
      560
    ],
    [
      309,
      496,
      378,
      560
    ]
  ],
  "pmos_180": [],
  "pmos_270": [],
  "pmos_90": [],
  "resistor_0": [],
  "resistor_180": [],
  "resistor_270": [],
  "resistor_90": [],
  "vdd_0": [
    [
      63,
      219,
      98,
      285
    ],
    [
      63,
      523,
      98,
      589
    ]
  ],
  "voltage-lines_0": [],
  "voltage-mirror_0": [],
  "voltage_0": []
}