{
  "capacitor_0": [],
  "capacitor_180": [],
  "capacitor_270": [],
  "capacitor_90": [],
  "current-arrow_0": [
    [
      312,
      313,
      383,
      385
    ],
    [
      568,
      313,
      639,
      385
    ]
  ],
  "current-arrow_180": [],
  "current-arrow_270": [],
  "current-arrow_90": [],
  "current_0": [],
  "current_180": [],
  "current_270": [],
  "current_90": [],
  "gnd_0": [
    [
      424,
      327,
      468,
      370
    ],
    [
      680,
      326,
      724,
      369
    ]
  ],
  "gnd_180": [],
  "gnd_270": [],
  "gnd_90": [],
  "inductor_0": [],
  "inductor_180": [],
  "inductor_270": [],
  "inductor_90": [],
  "net-black_100": [],
  "net-black_10": [],
  "net-black_1111": [],
  "net-black_111": [
    [
      148,
      333,
      178,
      363
    ],
    [
      499,
      333,
      529,
      363
    ]
  ],
  "net-black_120": [],
  "net-black_181": [],
  "net-black_190": [],
  "net-black_1": [],
  "net-black_201": [],
  "net-black_210": [],
  "net-black_21": [],
  "net-black_271": [],
  "net-black_280": [],
  "net-black_291": [
    [
      244,
      333,
      274,
      363
    ]
  ],
  "net-black_300": [],
  "net-black_30": [
    [
      244,
      173,
      274,
      203
    ],
    [
      309,
      492,
      339,
      522
    ]
  ],
  "net-black_91": [],
  "net-white_100": [
    [
      309,
      587,
      341,
      619
    ],
    [
      434,
      619,
      466,
      651
    ]
  ],
  "net-white_10": [],
  "net-white_181": [],
  "net-white_190": [],
  "net-white_1": [],
  "net-white_271": [],
  "net-white_280": [
    [
      434,
      44,
      466,
      76
    ]
  ],
  "net-white_91": [],
  "nmos-cross_0": [],
  "nmos-cross_180": [],
  "nmos-cross_270": [],
  "nmos-cross_90": [],
  "nmos-mirror-cross_0": [],
  "nmos-mirror-cross_180": [],
  "nmos-mirror-cross_270": [],
  "nmos-mirror-cross_90": [],
  "nmos-mirror_0": [
    [
      414,
      504,
      488,
      573
    ]
  ],
  "nmos-mirror_180": [],
  "nmos-mirror_270": [],
  "nmos-mirror_90": [],
  "nmos_0": [
    [
      413,
      123,
      488,
      194
    ]
  ],
  "nmos_180": [
    [
      128,
      184,
      203,
      255
    ]
  ],
  "nmos_270": [],
  "nmos_90": [],
  "pmos-cross_0": [],
  "pmos-cross_180": [],
  "pmos-cross_270": [],
  "pmos-cross_90": [],
  "pmos-mirror_0": [],
  "pmos-mirror_180": [],
  "pmos-mirror_270": [],
  "pmos-mirror_90": [],
  "pmos_0": [
    [
      128,
      443,
      202,
      512
    ]
  ],
  "pmos_180": [],
  "pmos_270": [],
  "pmos_90": [],
  "resistor_0": [],
  "resistor_180": [],
  "resistor_270": [
    [
      235,
      230,
      285,
      285
    ]
  ],
  "resistor_90": [],
  "vdd_0": [
    [
      62,
      158,
      97,
      218
    ],
    [
      62,
      218,
      97,
      278
    ],
    [
      62,
      278,
      97,
      338
    ],
    [
      62,
      338,
      97,
      398
    ],
    [
      62,
      398,
      97,
      458
    ],
    [
      62,
      477,
      97,
      537
    ]
  ],
  "voltage-lines_0": [],
  "voltage-mirror_0": [],
  "voltage_0": []
}