{
  "capacitor_0": [],
  "capacitor_180": [],
  "capacitor_270": [],
  "capacitor_90": [],
  "current-arrow_0": [],
  "current-arrow_180": [],
  "current-arrow_270": [],
  "current-arrow_90": [],
  "current_0": [],
  "current_180": [],
  "current_270": [],
  "current_90": [],
  "gnd_0": [
    [
      692,
      246,
      731,
      284
    ],
    [
      722,
      643,
      761,
      681
    ],
    [
      722,
      948,
      761,
      986
    ]
  ],
  "gnd_180": [],
  "gnd_270": [
    [
      118,
      878,
      156,
      917
    ]
  ],
  "gnd_90": [],
  "inductor_0": [],
  "inductor_180": [],
  "inductor_270": [],
  "inductor_90": [],
  "net-black_100": [
    [
      304,
      525,
      335,
      556
    ],
    [
      517,
      525,
      548,
      556
    ],
    [
      609,
      129,
      640,
      160
    ]
  ],
  "net-black_10": [],
  "net-black_1111": [],
  "net-black_111": [],
  "net-black_120": [
    [
      517,
      251,
      547,
      281
    ]
  ],
  "net-black_181": [],
  "net-black_190": [],
  "net-black_1": [
    [
      120,
      1074,
      151,
      1105
    ],
    [
      638,
      1074,
      669,
      1105
    ]
  ],
  "net-black_201": [],
  "net-black_210": [],
  "net-black_21": [],
  "net-black_271": [],
  "net-black_280": [],
  "net-black_291": [
    [
      182,
      647,
      212,
      677
    ],
    [
      211,
      952,
      241,
      982
    ],
    [
      425,
      952,
      455,
      982
    ]
  ],
  "net-black_300": [],
  "net-black_30": [
    [
      426,
      647,
      456,
      677
    ]
  ],
  "net-black_91": [],
  "net-white_100": [
    [
      426,
      738,
      456,
      768
    ]
  ],
  "net-white_10": [],
  "net-white_181": [],
  "net-white_190": [],
  "net-white_1": [],
  "net-white_271": [],
  "net-white_280": [
    [
      425,
      861,
      455,
      891
    ],
    [
      456,
      68,
      486,
      98
    ],
    [
      547,
      68,
      577,
      98
    ]
  ],
  "net-white_91": [],
  "nmos-cross_0": [
    [
      496,
      598,
      568,
      669
    ]
  ],
  "nmos-cross_180": [],
  "nmos-cross_270": [],
  "nmos-cross_90": [],
  "nmos-mirror-cross_0": [
    [
      620,
      965,
      689,
      1029
    ]
  ],
  "nmos-mirror-cross_180": [],
  "nmos-mirror-cross_270": [],
  "nmos-mirror-cross_90": [],
  "nmos-mirror_0": [
    [
      438,
      324,
      507,
      388
    ],
    [
      620,
      660,
      689,
      724
    ]
  ],
  "nmos-mirror_180": [],
  "nmos-mirror_270": [],
  "nmos-mirror_90": [],
  "nmos_0": [
    [
      435,
      143,
      508,
      214
    ],
    [
      496,
      904,
      569,
      975
    ],
    [
      588,
      203,
      661,
      274
    ]
  ],
  "nmos_180": [],
  "nmos_270": [],
  "nmos_90": [],
  "pmos-cross_0": [
    [
      286,
      601,
      355,
      665
    ]
  ],
  "pmos-cross_180": [],
  "pmos-cross_270": [],
  "pmos-cross_90": [],
  "pmos-mirror_0": [
    [
      101,
      655,
      174,
      726
    ],
    [
      101,
      960,
      174,
      1031
    ]
  ],
  "pmos-mirror_180": [],
  "pmos-mirror_270": [],
  "pmos-mirror_90": [],
  "pmos_0": [
    [
      286,
      907,
      355,
      971
    ]
  ],
  "pmos_180": [],
  "pmos_270": [],
  "pmos_90": [],
  "resistor_0": [],
  "resistor_180": [],
  "resistor_270": [],
  "resistor_90": [],
  "vdd_0": [
    [
      39,
      632,
      74,
      692
    ],
    [
      39,
      692,
      74,
      752
    ],
    [
      39,
      752,
      74,
      812
    ],
    [
      39,
      812,
      74,
      872
    ],
    [
      39,
      872,
      74,
      932
    ],
    [
      39,
      937,
      74,
      997
    ]
  ],
  "voltage-lines_0": [],
  "voltage-mirror_0": [],
  "voltage_0": [
    [
      88,
      780,
      178,
      861
    ]
  ]
}