{
  "capacitor_0": [],
  "capacitor_180": [],
  "capacitor_270": [],
  "capacitor_90": [
    [
      305,
      475,
      371,
      512
    ]
  ],
  "current-arrow_0": [],
  "current-arrow_180": [],
  "current-arrow_270": [
    [
      494,
      213,
      566,
      284
    ]
  ],
  "current-arrow_90": [],
  "current_0": [],
  "current_180": [],
  "current_270": [],
  "current_90": [],
  "gnd_0": [
    [
      407,
      704,
      451,
      747
    ],
    [
      662,
      321,
      706,
      364
    ]
  ],
  "gnd_180": [],
  "gnd_270": [],
  "gnd_90": [],
  "inductor_0": [],
  "inductor_180": [],
  "inductor_270": [],
  "inductor_90": [],
  "net-black_100": [
    [
      419,
      424,
      450,
      455
    ]
  ],
  "net-black_10": [],
  "net-black_1111": [],
  "net-black_111": [
    [
      323,
      583,
      353,
      613
    ],
    [
      514,
      328,
      544,
      358
    ],
    [
      514,
      424,
      544,
      454
    ]
  ],
  "net-black_120": [],
  "net-black_181": [],
  "net-black_190": [],
  "net-black_1": [],
  "net-black_201": [],
  "net-black_210": [],
  "net-black_21": [],
  "net-black_271": [],
  "net-black_280": [],
  "net-black_291": [],
  "net-black_300": [],
  "net-black_30": [
    [
      195,
      710,
      225,
      740
    ]
  ],
  "net-black_91": [],
  "net-white_100": [
    [
      194,
      805,
      226,
      837
    ]
  ],
  "net-white_10": [],
  "net-white_181": [],
  "net-white_190": [],
  "net-white_1": [],
  "net-white_271": [],
  "net-white_280": [
    [
      322,
      391,
      354,
      423
    ]
  ],
  "net-white_91": [],
  "nmos-cross_0": [],
  "nmos-cross_180": [],
  "nmos-cross_270": [],
  "nmos-cross_90": [],
  "nmos-mirror-cross_0": [],
  "nmos-mirror-cross_180": [],
  "nmos-mirror-cross_270": [],
  "nmos-mirror-cross_90": [],
  "nmos-mirror_0": [
    [
      557,
      339,
      631,
      408
    ]
  ],
  "nmos-mirror_180": [],
  "nmos-mirror_270": [
    [
      465,
      466,
      534,
      540
    ]
  ],
  "nmos-mirror_90": [],
  "nmos_0": [
    [
      300,
      660,
      375,
      731
    ]
  ],
  "nmos_180": [],
  "nmos_270": [],
  "nmos_90": [],
  "pmos-cross_0": [],
  "pmos-cross_180": [],
  "pmos-cross_270": [],
  "pmos-cross_90": [],
  "pmos-mirror_0": [],
  "pmos-mirror_180": [],
  "pmos-mirror_270": [],
  "pmos-mirror_90": [],
  "pmos_0": [],
  "pmos_180": [],
  "pmos_270": [],
  "pmos_90": [],
  "resistor_0": [],
  "resistor_180": [
    [
      88,
      699,
      146,
      752
    ]
  ],
  "resistor_270": [],
  "resistor_90": [],
  "vdd_0": [
    [
      47,
      693,
      82,
      759
    ],
    [
      460,
      121,
      495,
      181
    ]
  ],
  "voltage-lines_0": [],
  "voltage-mirror_0": [],
  "voltage_0": []
}