{
  "capacitor_0": [],
  "capacitor_180": [
    [
      311,
      612,
      347,
      673
    ],
    [
      312,
      276,
      348,
      337
    ],
    [
      312,
      947,
      348,
      1008
    ]
  ],
  "capacitor_270": [],
  "capacitor_90": [],
  "current-arrow_0": [],
  "current-arrow_180": [],
  "current-arrow_270": [],
  "current-arrow_90": [],
  "current_0": [],
  "current_180": [],
  "current_270": [],
  "current_90": [],
  "gnd_0": [
    [
      394,
      166,
      433,
      204
    ],
    [
      394,
      287,
      433,
      325
    ],
    [
      394,
      501,
      433,
      539
    ],
    [
      394,
      623,
      433,
      661
    ],
    [
      394,
      836,
      433,
      874
    ],
    [
      394,
      958,
      433,
      996
    ]
  ],
  "gnd_180": [],
  "gnd_270": [],
  "gnd_90": [],
  "inductor_0": [],
  "inductor_180": [],
  "inductor_270": [],
  "inductor_90": [],
  "net-black_100": [],
  "net-black_10": [],
  "net-black_1111": [],
  "net-black_111": [
    [
      219,
      171,
      249,
      201
    ],
    [
      220,
      291,
      250,
      321
    ],
    [
      220,
      627,
      250,
      657
    ],
    [
      220,
      962,
      250,
      992
    ],
    [
      220,
      1084,
      250,
      1114
    ]
  ],
  "net-black_120": [],
  "net-black_181": [],
  "net-black_190": [],
  "net-black_1": [],
  "net-black_201": [],
  "net-black_210": [],
  "net-black_21": [],
  "net-black_271": [],
  "net-black_280": [],
  "net-black_291": [],
  "net-black_300": [],
  "net-black_30": [
    [
      219,
      505,
      249,
      535
    ],
    [
      219,
      840,
      249,
      870
    ]
  ],
  "net-black_91": [],
  "net-white_100": [
    [
      220,
      1146,
      250,
      1176
    ]
  ],
  "net-white_10": [],
  "net-white_181": [],
  "net-white_190": [],
  "net-white_1": [],
  "net-white_271": [],
  "net-white_280": [],
  "net-white_91": [],
  "nmos-cross_0": [],
  "nmos-cross_180": [],
  "nmos-cross_270": [],
  "nmos-cross_90": [],
  "nmos-mirror-cross_0": [],
  "nmos-mirror-cross_180": [],
  "nmos-mirror-cross_270": [],
  "nmos-mirror-cross_90": [],
  "nmos-mirror_0": [],
  "nmos-mirror_180": [],
  "nmos-mirror_270": [],
  "nmos-mirror_90": [],
  "nmos_0": [
    [
      259,
      122,
      332,
      193
    ],
    [
      259,
      457,
      332,
      528
    ],
    [
      259,
      793,
      332,
      864
    ]
  ],
  "nmos_180": [],
  "nmos_270": [],
  "nmos_90": [],
  "pmos-cross_0": [],
  "pmos-cross_180": [],
  "pmos-cross_270": [],
  "pmos-cross_90": [],
  "pmos-mirror_0": [],
  "pmos-mirror_180": [],
  "pmos-mirror_270": [],
  "pmos-mirror_90": [],
  "pmos_0": [],
  "pmos_180": [],
  "pmos_270": [],
  "pmos_90": [],
  "resistor_0": [],
  "resistor_180": [
    [
      113,
      160,
      173,
      210
    ],
    [
      113,
      495,
      173,
      545
    ],
    [
      113,
      831,
      173,
      881
    ]
  ],
  "resistor_270": [],
  "resistor_90": [],
  "vdd_0": [
    [
      46,
      155,
      81,
      215
    ],
    [
      46,
      215,
      81,
      275
    ],
    [
      46,
      275,
      81,
      335
    ],
    [
      46,
      335,
      81,
      395
    ],
    [
      46,
      395,
      81,
      455
    ],
    [
      46,
      490,
      81,
      550
    ],
    [
      46,
      550,
      81,
      610
    ],
    [
      46,
      610,
      81,
      670
    ],
    [
      46,
      670,
      81,
      730
    ],
    [
      46,
      730,
      81,
      790
    ],
    [
      46,
      825,
      81,
      885
    ]
  ],
  "voltage-lines_0": [],
  "voltage-mirror_0": [],
  "voltage_0": []
}