{
  "capacitor_0": [],
  "capacitor_180": [],
  "capacitor_270": [],
  "capacitor_90": [],
  "current-arrow_0": [
    [
      772,
      405,
      841,
      473
    ]
  ],
  "current-arrow_180": [],
  "current-arrow_270": [],
  "current-arrow_90": [],
  "current_0": [],
  "current_180": [],
  "current_270": [],
  "current_90": [],
  "gnd_0": [
    [
      882,
      419,
      921,
      457
    ]
  ],
  "gnd_180": [],
  "gnd_270": [],
  "gnd_90": [],
  "inductor_0": [],
  "inductor_180": [],
  "inductor_270": [],
  "inductor_90": [],
  "net-black_100": [
    [
      526,
      149,
      557,
      180
    ]
  ],
  "net-black_10": [],
  "net-black_1111": [],
  "net-black_111": [
    [
      708,
      423,
      738,
      453
    ]
  ],
  "net-black_120": [],
  "net-black_181": [
    [
      129,
      149,
      160,
      180
    ],
    [
      312,
      149,
      343,
      180
    ]
  ],
  "net-black_190": [],
  "net-black_1": [],
  "net-black_201": [],
  "net-black_210": [],
  "net-black_21": [],
  "net-black_271": [],
  "net-black_280": [],
  "net-black_291": [
    [
      433,
      575,
      463,
      605
    ]
  ],
  "net-black_300": [],
  "net-black_30": [
    [
      433,
      271,
      463,
      301
    ]
  ],
  "net-black_91": [],
  "net-white_100": [
    [
      433,
      362,
      463,
      392
    ]
  ],
  "net-white_10": [],
  "net-white_181": [],
  "net-white_190": [],
  "net-white_1": [],
  "net-white_271": [],
  "net-white_280": [
    [
      433,
      485,
      463,
      515
    ],
    [
      646,
      119,
      676,
      149
    ],
    [
      738,
      119,
      768,
      149
    ]
  ],
  "net-white_91": [],
  "nmos-cross_0": [
    [
      504,
      222,
      576,
      293
    ]
  ],
  "nmos-cross_180": [],
  "nmos-cross_270": [],
  "nmos-cross_90": [],
  "nmos-mirror-cross_0": [],
  "nmos-mirror-cross_180": [],
  "nmos-mirror-cross_270": [],
  "nmos-mirror-cross_90": [],
  "nmos-mirror_0": [
    [
      628,
      589,
      697,
      653
    ]
  ],
  "nmos-mirror_180": [],
  "nmos-mirror_270": [],
  "nmos-mirror_90": [],
  "nmos_0": [
    [
      504,
      528,
      577,
      599
    ],
    [
      626,
      223,
      699,
      294
    ]
  ],
  "nmos_180": [],
  "nmos_270": [],
  "nmos_90": [],
  "pmos-cross_0": [
    [
      110,
      225,
      179,
      289
    ],
    [
      293,
      225,
      362,
      289
    ]
  ],
  "pmos-cross_180": [],
  "pmos-cross_270": [],
  "pmos-cross_90": [],
  "pmos-mirror_0": [],
  "pmos-mirror_180": [],
  "pmos-mirror_270": [],
  "pmos-mirror_90": [],
  "pmos_0": [
    [
      110,
      531,
      179,
      595
    ],
    [
      293,
      531,
      362,
      595
    ]
  ],
  "pmos_180": [],
  "pmos_270": [],
  "pmos_90": [],
  "resistor_0": [],
  "resistor_180": [],
  "resistor_270": [],
  "resistor_90": [],
  "vdd_0": [
    [
      48,
      558,
      83,
      624
    ]
  ],
  "voltage-lines_0": [],
  "voltage-mirror_0": [],
  "voltage_0": []
}