{
  "capacitor_0": [],
  "capacitor_180": [],
  "capacitor_270": [],
  "capacitor_90": [],
  "current-arrow_0": [
    [
      89,
      138,
      158,
      206
    ],
    [
      89,
      565,
      158,
      633
    ],
    [
      527,
      138,
      596,
      206
    ],
    [
      527,
      565,
      596,
      633
    ]
  ],
  "current-arrow_180": [],
  "current-arrow_270": [],
  "current-arrow_90": [],
  "current_0": [],
  "current_180": [],
  "current_270": [],
  "current_90": [],
  "gnd_0": [
    [
      625,
      152,
      664,
      190
    ],
    [
      625,
      580,
      664,
      618
    ]
  ],
  "gnd_180": [],
  "gnd_270": [],
  "gnd_90": [],
  "inductor_0": [],
  "inductor_180": [],
  "inductor_270": [],
  "inductor_90": [],
  "net-black_100": [],
  "net-black_10": [],
  "net-black_1111": [],
  "net-black_111": [],
  "net-black_120": [],
  "net-black_181": [],
  "net-black_190": [],
  "net-black_1": [],
  "net-black_201": [],
  "net-black_210": [],
  "net-black_21": [
    [
      450,
      309,
      480,
      339
    ],
    [
      450,
      431,
      480,
      461
    ]
  ],
  "net-black_271": [],
  "net-black_280": [],
  "net-black_291": [
    [
      175,
      584,
      205,
      614
    ],
    [
      451,
      584,
      481,
      614
    ]
  ],
  "net-black_300": [],
  "net-black_30": [
    [
      176,
      156,
      206,
      186
    ],
    [
      451,
      156,
      481,
      186
    ]
  ],
  "net-black_91": [],
  "net-white_100": [
    [
      390,
      706,
      420,
      736
    ]
  ],
  "net-white_10": [],
  "net-white_181": [],
  "net-white_190": [],
  "net-white_1": [],
  "net-white_271": [],
  "net-white_280": [
    [
      389,
      35,
      419,
      65
    ]
  ],
  "net-white_91": [],
  "nmos-cross_0": [],
  "nmos-cross_180": [],
  "nmos-cross_270": [],
  "nmos-cross_90": [],
  "nmos-mirror-cross_0": [],
  "nmos-mirror-cross_180": [],
  "nmos-mirror-cross_270": [],
  "nmos-mirror-cross_90": [],
  "nmos-mirror_0": [
    [
      371,
      596,
      440,
      660
    ]
  ],
  "nmos-mirror_180": [],
  "nmos-mirror_270": [],
  "nmos-mirror_90": [],
  "nmos_0": [
    [
      369,
      109,
      442,
      180
    ]
  ],
  "nmos_180": [],
  "nmos_270": [],
  "nmos_90": [],
  "pmos-cross_0": [],
  "pmos-cross_180": [],
  "pmos-cross_270": [],
  "pmos-cross_90": [],
  "pmos-mirror_0": [
    [
      156,
      439,
      229,
      510
    ]
  ],
  "pmos-mirror_180": [],
  "pmos-mirror_270": [],
  "pmos-mirror_90": [],
  "pmos_0": [
    [
      158,
      264,
      227,
      328
    ]
  ],
  "pmos_180": [],
  "pmos_270": [],
  "pmos_90": [],
  "resistor_0": [],
  "resistor_180": [],
  "resistor_270": [
    [
      442,
      363,
      493,
      419
    ]
  ],
  "resistor_90": [],
  "vdd_0": [
    [
      33,
      141,
      68,
      201
    ],
    [
      33,
      201,
      68,
      261
    ],
    [
      33,
      294,
      68,
      354
    ],
    [
      33,
      354,
      68,
      414
    ],
    [
      33,
      416,
      68,
      476
    ],
    [
      33,
      476,
      68,
      536
    ],
    [
      33,
      568,
      68,
      628
    ]
  ],
  "voltage-lines_0": [],
  "voltage-mirror_0": [],
  "voltage_0": []
}