{
  "capacitor_0": [],
  "capacitor_180": [],
  "capacitor_270": [],
  "capacitor_90": [],
  "current-arrow_0": [
    [
      464,
      508,
      533,
      576
    ]
  ],
  "current-arrow_180": [],
  "current-arrow_270": [],
  "current-arrow_90": [],
  "current_0": [],
  "current_180": [],
  "current_270": [],
  "current_90": [],
  "gnd_0": [
    [
      574,
      523,
      613,
      561
    ],
    [
      727,
      187,
      766,
      225
    ],
    [
      727,
      858,
      766,
      896
    ]
  ],
  "gnd_180": [],
  "gnd_270": [],
  "gnd_90": [],
  "inductor_0": [],
  "inductor_180": [],
  "inductor_270": [],
  "inductor_90": [],
  "net-black_100": [],
  "net-black_10": [],
  "net-black_1111": [
    [
      216,
      404,
      246,
      434
    ]
  ],
  "net-black_111": [
    [
      125,
      526,
      155,
      556
    ],
    [
      399,
      526,
      429,
      556
    ]
  ],
  "net-black_120": [],
  "net-black_181": [],
  "net-black_190": [],
  "net-black_1": [],
  "net-black_201": [],
  "net-black_210": [],
  "net-black_21": [
    [
      216,
      526,
      246,
      556
    ],
    [
      643,
      435,
      673,
      465
    ],
    [
      643,
      618,
      673,
      648
    ]
  ],
  "net-black_271": [],
  "net-black_280": [],
  "net-black_291": [
    [
      216,
      649,
      246,
      679
    ],
    [
      460,
      191,
      490,
      221
    ],
    [
      582,
      863,
      612,
      893
    ]
  ],
  "net-black_300": [],
  "net-black_30": [
    [
      460,
      862,
      490,
      892
    ],
    [
      583,
      191,
      613,
      221
    ]
  ],
  "net-black_91": [],
  "net-white_100": [
    [
      461,
      923,
      491,
      953
    ]
  ],
  "net-white_10": [],
  "net-white_181": [],
  "net-white_190": [],
  "net-white_1": [],
  "net-white_271": [],
  "net-white_280": [
    [
      338,
      283,
      368,
      313
    ],
    [
      429,
      282,
      461,
      314
    ],
    [
      460,
      130,
      490,
      160
    ]
  ],
  "net-white_91": [],
  "nmos-cross_0": [],
  "nmos-cross_180": [],
  "nmos-cross_270": [],
  "nmos-cross_90": [],
  "nmos-mirror-cross_0": [],
  "nmos-mirror-cross_180": [],
  "nmos-mirror-cross_270": [],
  "nmos-mirror-cross_90": [],
  "nmos-mirror_0": [
    [
      320,
      661,
      389,
      725
    ],
    [
      625,
      204,
      694,
      268
    ]
  ],
  "nmos-mirror_180": [],
  "nmos-mirror_270": [],
  "nmos-mirror_90": [],
  "nmos_0": [
    [
      318,
      357,
      391,
      428
    ],
    [
      623,
      815,
      696,
      886
    ]
  ],
  "nmos_180": [],
  "nmos_270": [],
  "nmos_90": [],
  "pmos-cross_0": [],
  "pmos-cross_180": [],
  "pmos-cross_270": [],
  "pmos-cross_90": [],
  "pmos-mirror_0": [
    [
      105,
      412,
      178,
      483
    ],
    [
      197,
      199,
      270,
      270
    ]
  ],
  "pmos-mirror_180": [],
  "pmos-mirror_270": [],
  "pmos-mirror_90": [],
  "pmos_0": [
    [
      107,
      603,
      176,
      667
    ],
    [
      199,
      817,
      268,
      881
    ]
  ],
  "pmos_180": [],
  "pmos_270": [],
  "pmos_90": [],
  "resistor_0": [],
  "resistor_180": [],
  "resistor_270": [
    [
      207,
      581,
      258,
      637
    ],
    [
      574,
      337,
      625,
      393
    ],
    [
      574,
      703,
      625,
      759
    ]
  ],
  "resistor_90": [
    [
      207,
      456,
      258,
      512
    ]
  ],
  "vdd_0": [
    [
      43,
      176,
      78,
      236
    ],
    [
      43,
      236,
      78,
      296
    ],
    [
      43,
      296,
      78,
      356
    ],
    [
      43,
      389,
      78,
      449
    ],
    [
      43,
      449,
      78,
      509
    ],
    [
      43,
      509,
      78,
      569
    ],
    [
      43,
      569,
      78,
      629
    ],
    [
      43,
      634,
      78,
      694
    ],
    [
      43,
      694,
      78,
      754
    ],
    [
      43,
      754,
      78,
      814
    ],
    [
      43,
      847,
      78,
      907
    ]
  ],
  "voltage-lines_0": [],
  "voltage-mirror_0": [],
  "voltage_0": []
}