{
  "capacitor_0": [],
  "capacitor_180": [],
  "capacitor_270": [],
  "capacitor_90": [],
  "current-arrow_0": [],
  "current-arrow_180": [],
  "current-arrow_270": [],
  "current-arrow_90": [],
  "current_0": [],
  "current_180": [],
  "current_270": [],
  "current_90": [],
  "gnd_0": [
    [
      748,
      343,
      787,
      381
    ]
  ],
  "gnd_180": [],
  "gnd_270": [],
  "gnd_90": [],
  "inductor_0": [],
  "inductor_180": [],
  "inductor_270": [],
  "inductor_90": [],
  "net-black_100": [],
  "net-black_10": [],
  "net-black_1111": [
    [
      206,
      224,
      236,
      254
    ],
    [
      206,
      468,
      236,
      498
    ]
  ],
  "net-black_111": [
    [
      543,
      346,
      573,
      376
    ]
  ],
  "net-black_120": [],
  "net-black_181": [
    [
      299,
      103,
      330,
      134
    ],
    [
      634,
      224,
      665,
      255
    ]
  ],
  "net-black_190": [],
  "net-black_1": [],
  "net-black_201": [],
  "net-black_210": [],
  "net-black_21": [],
  "net-black_271": [],
  "net-black_280": [],
  "net-black_291": [
    [
      370,
      469,
      400,
      499
    ]
  ],
  "net-black_300": [],
  "net-black_30": [
    [
      371,
      224,
      401,
      254
    ]
  ],
  "net-black_91": [],
  "net-white_100": [
    [
      207,
      285,
      237,
      315
    ],
    [
      482,
      591,
      512,
      621
    ]
  ],
  "net-white_10": [],
  "net-white_181": [],
  "net-white_190": [],
  "net-white_1": [],
  "net-white_271": [],
  "net-white_280": [
    [
      206,
      408,
      236,
      438
    ],
    [
      482,
      103,
      512,
      133
    ]
  ],
  "net-white_91": [],
  "nmos-cross_0": [
    [
      278,
      176,
      350,
      247
    ]
  ],
  "nmos-cross_180": [],
  "nmos-cross_270": [],
  "nmos-cross_90": [],
  "nmos-mirror-cross_0": [],
  "nmos-mirror-cross_180": [],
  "nmos-mirror-cross_270": [],
  "nmos-mirror-cross_90": [],
  "nmos-mirror_0": [
    [
      463,
      481,
      532,
      545
    ]
  ],
  "nmos-mirror_180": [],
  "nmos-mirror_270": [],
  "nmos-mirror_90": [],
  "nmos_0": [
    [
      278,
      421,
      351,
      492
    ],
    [
      461,
      177,
      534,
      248
    ],
    [
      613,
      299,
      686,
      370
    ]
  ],
  "nmos_180": [],
  "nmos_270": [],
  "nmos_90": [],
  "pmos-cross_0": [],
  "pmos-cross_180": [],
  "pmos-cross_270": [],
  "pmos-cross_90": [],
  "pmos-mirror_0": [
    [
      96,
      476,
      169,
      547
    ]
  ],
  "pmos-mirror_180": [],
  "pmos-mirror_270": [],
  "pmos-mirror_90": [],
  "pmos_0": [
    [
      98,
      179,
      167,
      243
    ]
  ],
  "pmos_180": [],
  "pmos_270": [],
  "pmos_90": [],
  "resistor_0": [],
  "resistor_180": [],
  "resistor_270": [],
  "resistor_90": [
    [
      361,
      337,
      412,
      393
    ]
  ],
  "vdd_0": [
    [
      35,
      207,
      70,
      273
    ],
    [
      35,
      451,
      70,
      517
    ]
  ],
  "voltage-lines_0": [],
  "voltage-mirror_0": [],
  "voltage_0": []
}