{
  "capacitor_0": [
    [
      331,
      647,
      367,
      708
    ]
  ],
  "capacitor_180": [],
  "capacitor_270": [],
  "capacitor_90": [],
  "current-arrow_0": [
    [
      487,
      796,
      556,
      864
    ],
    [
      517,
      399,
      586,
      467
    ]
  ],
  "current-arrow_180": [],
  "current-arrow_270": [],
  "current-arrow_90": [],
  "current_0": [],
  "current_180": [],
  "current_270": [],
  "current_90": [],
  "gnd_0": [
    [
      596,
      810,
      635,
      848
    ],
    [
      627,
      414,
      666,
      452
    ]
  ],
  "gnd_180": [],
  "gnd_270": [],
  "gnd_90": [],
  "inductor_0": [],
  "inductor_180": [],
  "inductor_270": [],
  "inductor_90": [],
  "net-black_100": [],
  "net-black_10": [],
  "net-black_1111": [
    [
      391,
      814,
      421,
      844
    ]
  ],
  "net-black_111": [
    [
      116,
      448,
      146,
      478
    ],
    [
      452,
      417,
      482,
      447
    ]
  ],
  "net-black_120": [
    [
      268,
      662,
      298,
      692
    ]
  ],
  "net-black_181": [],
  "net-black_190": [],
  "net-black_1": [],
  "net-black_201": [],
  "net-black_210": [],
  "net-black_21": [
    [
      390,
      662,
      420,
      692
    ]
  ],
  "net-black_271": [],
  "net-black_280": [],
  "net-black_291": [
    [
      208,
      540,
      238,
      570
    ]
  ],
  "net-black_300": [],
  "net-black_30": [
    [
      269,
      296,
      299,
      326
    ]
  ],
  "net-black_91": [],
  "net-white_100": [
    [
      391,
      875,
      421,
      905
    ]
  ],
  "net-white_10": [],
  "net-white_181": [],
  "net-white_190": [],
  "net-white_1": [],
  "net-white_271": [],
  "net-white_280": [
    [
      390,
      173,
      422,
      205
    ]
  ],
  "net-white_91": [],
  "nmos-cross_0": [],
  "nmos-cross_180": [],
  "nmos-cross_270": [],
  "nmos-cross_90": [],
  "nmos-mirror-cross_0": [],
  "nmos-mirror-cross_180": [],
  "nmos-mirror-cross_270": [],
  "nmos-mirror-cross_90": [],
  "nmos-mirror_0": [
    [
      372,
      552,
      441,
      616
    ]
  ],
  "nmos-mirror_180": [],
  "nmos-mirror_270": [],
  "nmos-mirror_90": [],
  "nmos_0": [
    [
      370,
      248,
      443,
      319
    ]
  ],
  "nmos_180": [],
  "nmos_270": [],
  "nmos_90": [],
  "pmos-cross_0": [],
  "pmos-cross_180": [],
  "pmos-cross_270": [],
  "pmos-cross_90": [],
  "pmos-mirror_0": [
    [
      97,
      304,
      170,
      375
    ]
  ],
  "pmos-mirror_180": [],
  "pmos-mirror_270": [],
  "pmos-mirror_90": [],
  "pmos_0": [
    [
      99,
      494,
      168,
      558
    ],
    [
      251,
      769,
      320,
      833
    ]
  ],
  "pmos_180": [],
  "pmos_270": [],
  "pmos_90": [],
  "resistor_0": [],
  "resistor_180": [],
  "resistor_270": [],
  "resistor_90": [],
  "vdd_0": [
    [
      35,
      279,
      70,
      345
    ],
    [
      35,
      522,
      70,
      588
    ],
    [
      35,
      797,
      70,
      863
    ]
  ],
  "voltage-lines_0": [],
  "voltage-mirror_0": [],
  "voltage_0": []
}