{
  "capacitor_0": [],
  "capacitor_180": [
    [
      429,
      439,
      465,
      500
    ],
    [
      429,
      652,
      465,
      713
    ]
  ],
  "capacitor_270": [],
  "capacitor_90": [],
  "current-arrow_0": [
    [
      616,
      526,
      685,
      594
    ],
    [
      646,
      191,
      715,
      259
    ]
  ],
  "current-arrow_180": [],
  "current-arrow_270": [],
  "current-arrow_90": [],
  "current_0": [],
  "current_180": [],
  "current_270": [],
  "current_90": [],
  "gnd_0": [
    [
      496,
      450,
      535,
      488
    ],
    [
      496,
      664,
      535,
      702
    ],
    [
      725,
      541,
      764,
      579
    ],
    [
      756,
      206,
      795,
      244
    ]
  ],
  "gnd_180": [],
  "gnd_270": [],
  "gnd_90": [],
  "inductor_0": [],
  "inductor_180": [],
  "inductor_270": [],
  "inductor_90": [],
  "net-black_100": [],
  "net-black_10": [],
  "net-black_1111": [],
  "net-black_111": [
    [
      581,
      211,
      611,
      241
    ]
  ],
  "net-black_120": [
    [
      123,
      271,
      153,
      301
    ],
    [
      123,
      851,
      153,
      881
    ],
    [
      551,
      547,
      581,
      577
    ]
  ],
  "net-black_181": [],
  "net-black_190": [],
  "net-black_1": [],
  "net-black_201": [],
  "net-black_210": [],
  "net-black_21": [],
  "net-black_271": [],
  "net-black_280": [],
  "net-black_291": [
    [
      184,
      943,
      214,
      973
    ],
    [
      215,
      759,
      245,
      789
    ],
    [
      367,
      760,
      397,
      790
    ]
  ],
  "net-black_300": [],
  "net-black_30": [
    [
      184,
      179,
      214,
      209
    ],
    [
      215,
      362,
      245,
      392
    ],
    [
      367,
      362,
      397,
      392
    ]
  ],
  "net-black_91": [],
  "net-white_100": [
    [
      215,
      423,
      245,
      453
    ],
    [
      429,
      1035,
      459,
      1065
    ]
  ],
  "net-white_10": [],
  "net-white_181": [],
  "net-white_190": [],
  "net-white_1": [],
  "net-white_271": [],
  "net-white_280": [
    [
      214,
      697,
      246,
      729
    ],
    [
      428,
      86,
      460,
      118
    ]
  ],
  "net-white_91": [],
  "nmos-cross_0": [
    [
      408,
      161,
      480,
      232
    ]
  ],
  "nmos-cross_180": [],
  "nmos-cross_270": [],
  "nmos-cross_90": [],
  "nmos-mirror-cross_0": [
    [
      410,
      924,
      479,
      988
    ]
  ],
  "nmos-mirror-cross_180": [],
  "nmos-mirror-cross_270": [],
  "nmos-mirror-cross_90": [],
  "nmos-mirror_0": [
    [
      410,
      772,
      479,
      836
    ]
  ],
  "nmos-mirror_180": [],
  "nmos-mirror_270": [],
  "nmos-mirror_90": [],
  "nmos_0": [
    [
      408,
      315,
      481,
      386
    ]
  ],
  "nmos_180": [],
  "nmos_270": [],
  "nmos_90": [],
  "pmos-cross_0": [],
  "pmos-cross_180": [],
  "pmos-cross_270": [],
  "pmos-cross_90": [],
  "pmos-mirror_0": [
    [
      103,
      187,
      176,
      258
    ],
    [
      103,
      767,
      176,
      838
    ]
  ],
  "pmos-mirror_180": [],
  "pmos-mirror_270": [],
  "pmos-mirror_90": [],
  "pmos_0": [
    [
      105,
      317,
      174,
      381
    ],
    [
      105,
      897,
      174,
      961
    ]
  ],
  "pmos_180": [],
  "pmos_270": [],
  "pmos_90": [],
  "resistor_0": [],
  "resistor_180": [],
  "resistor_270": [],
  "resistor_90": [],
  "vdd_0": [
    [
      43,
      162,
      78,
      228
    ],
    [
      43,
      345,
      78,
      411
    ],
    [
      43,
      741,
      78,
      807
    ],
    [
      43,
      924,
      78,
      990
    ]
  ],
  "voltage-lines_0": [],
  "voltage-mirror_0": [],
  "voltage_0": []
}