{
  "capacitor_0": [],
  "capacitor_180": [],
  "capacitor_270": [],
  "capacitor_90": [],
  "current-arrow_0": [
    [
      417,
      162,
      486,
      230
    ]
  ],
  "current-arrow_180": [],
  "current-arrow_270": [],
  "current-arrow_90": [],
  "current_0": [],
  "current_180": [],
  "current_270": [],
  "current_90": [],
  "gnd_0": [
    [
      759,
      1061,
      798,
      1099
    ],
    [
      759,
      1365,
      798,
      1403
    ],
    [
      820,
      176,
      859,
      214
    ],
    [
      820,
      573,
      859,
      611
    ],
    [
      820,
      695,
      859,
      733
    ]
  ],
  "gnd_180": [],
  "gnd_270": [],
  "gnd_90": [],
  "inductor_0": [],
  "inductor_180": [],
  "inductor_270": [],
  "inductor_90": [],
  "net-black_100": [],
  "net-black_10": [
    [
      796,
      89,
      827,
      120
    ]
  ],
  "net-black_1111": [],
  "net-black_111": [
    [
      524,
      637,
      554,
      667
    ]
  ],
  "net-black_120": [],
  "net-black_181": [],
  "net-black_190": [],
  "net-black_1": [],
  "net-black_201": [],
  "net-black_210": [],
  "net-black_21": [
    [
      614,
      271,
      644,
      301
    ],
    [
      675,
      637,
      705,
      667
    ]
  ],
  "net-black_271": [],
  "net-black_280": [],
  "net-black_291": [
    [
      187,
      1065,
      217,
      1095
    ],
    [
      218,
      1370,
      248,
      1400
    ],
    [
      401,
      1065,
      431,
      1095
    ],
    [
      462,
      1370,
      492,
      1400
    ]
  ],
  "net-black_300": [],
  "net-black_30": [
    [
      523,
      180,
      553,
      210
    ]
  ],
  "net-black_91": [],
  "net-white_100": [],
  "net-white_10": [
    [
      462,
      394,
      492,
      424
    ]
  ],
  "net-white_181": [],
  "net-white_190": [],
  "net-white_1": [],
  "net-white_271": [],
  "net-white_280": [
    [
      553,
      394,
      583,
      424
    ]
  ],
  "net-white_91": [],
  "nmos-cross_0": [
    [
      533,
      1016,
      605,
      1087
    ]
  ],
  "nmos-cross_180": [],
  "nmos-cross_270": [],
  "nmos-cross_90": [],
  "nmos-mirror-cross_0": [
    [
      657,
      1382,
      726,
      1446
    ]
  ],
  "nmos-mirror-cross_180": [],
  "nmos-mirror-cross_270": [],
  "nmos-mirror-cross_90": [],
  "nmos-mirror_0": [
    [
      444,
      742,
      513,
      806
    ],
    [
      596,
      193,
      665,
      257
    ],
    [
      657,
      1078,
      726,
      1142
    ],
    [
      718,
      711,
      787,
      775
    ]
  ],
  "nmos-mirror_180": [],
  "nmos-mirror_270": [],
  "nmos-mirror_90": [],
  "nmos_0": [
    [
      441,
      499,
      514,
      570
    ],
    [
      533,
      1322,
      606,
      1393
    ],
    [
      594,
      590,
      667,
      661
    ],
    [
      716,
      133,
      789,
      204
    ],
    [
      716,
      529,
      789,
      600
    ]
  ],
  "nmos_180": [],
  "nmos_270": [],
  "nmos_90": [],
  "pmos-cross_0": [
    [
      109,
      1019,
      178,
      1083
    ],
    [
      262,
      1019,
      331,
      1083
    ]
  ],
  "pmos-cross_180": [],
  "pmos-cross_270": [],
  "pmos-cross_90": [],
  "pmos-mirror_0": [],
  "pmos-mirror_180": [],
  "pmos-mirror_270": [],
  "pmos-mirror_90": [],
  "pmos_0": [
    [
      109,
      1324,
      178,
      1388
    ],
    [
      262,
      1324,
      331,
      1388
    ]
  ],
  "pmos_180": [],
  "pmos_270": [],
  "pmos_90": [],
  "resistor_0": [],
  "resistor_180": [],
  "resistor_270": [],
  "resistor_90": [],
  "vdd_0": [
    [
      45,
      1133,
      80,
      1193
    ],
    [
      45,
      1193,
      80,
      1253
    ],
    [
      45,
      1354,
      80,
      1414
    ],
    [
      350,
      166,
      385,
      226
    ]
  ],
  "voltage-lines_0": [],
  "voltage-mirror_0": [],
  "voltage_0": []
}