{
  "capacitor_0": [],
  "capacitor_180": [],
  "capacitor_270": [],
  "capacitor_90": [],
  "current-arrow_0": [
    [
      474,
      593,
      543,
      661
    ]
  ],
  "current-arrow_180": [],
  "current-arrow_270": [],
  "current-arrow_90": [],
  "current_0": [],
  "current_180": [],
  "current_270": [],
  "current_90": [],
  "gnd_0": [
    [
      584,
      607,
      623,
      645
    ],
    [
      736,
      241,
      775,
      279
    ],
    [
      736,
      973,
      775,
      1011
    ]
  ],
  "gnd_180": [],
  "gnd_270": [],
  "gnd_90": [],
  "inductor_0": [],
  "inductor_180": [],
  "inductor_270": [],
  "inductor_90": [],
  "net-black_100": [
    [
      653,
      124,
      684,
      155
    ]
  ],
  "net-black_10": [
    [
      194,
      612,
      225,
      643
    ]
  ],
  "net-black_1111": [],
  "net-black_111": [
    [
      134,
      611,
      164,
      641
    ],
    [
      409,
      611,
      439,
      641
    ]
  ],
  "net-black_120": [],
  "net-black_181": [],
  "net-black_190": [],
  "net-black_1": [],
  "net-black_201": [],
  "net-black_210": [],
  "net-black_21": [],
  "net-black_271": [],
  "net-black_280": [],
  "net-black_291": [
    [
      226,
      459,
      256,
      489
    ],
    [
      469,
      246,
      499,
      276
    ]
  ],
  "net-black_300": [],
  "net-black_30": [
    [
      226,
      764,
      256,
      794
    ],
    [
      470,
      977,
      500,
      1007
    ]
  ],
  "net-black_91": [],
  "net-white_100": [
    [
      470,
      1069,
      500,
      1099
    ]
  ],
  "net-white_10": [],
  "net-white_181": [],
  "net-white_190": [],
  "net-white_1": [],
  "net-white_271": [],
  "net-white_280": [
    [
      347,
      337,
      377,
      367
    ],
    [
      439,
      336,
      471,
      368
    ],
    [
      469,
      154,
      499,
      184
    ]
  ],
  "net-white_91": [],
  "nmos-cross_0": [
    [
      632,
      197,
      704,
      268
    ]
  ],
  "nmos-cross_180": [],
  "nmos-cross_270": [],
  "nmos-cross_90": [],
  "nmos-mirror-cross_0": [],
  "nmos-mirror-cross_180": [],
  "nmos-mirror-cross_270": [],
  "nmos-mirror-cross_90": [],
  "nmos-mirror_0": [
    [
      329,
      777,
      398,
      841
    ]
  ],
  "nmos-mirror_180": [],
  "nmos-mirror_270": [],
  "nmos-mirror_90": [],
  "nmos_0": [
    [
      327,
      411,
      400,
      482
    ],
    [
      632,
      930,
      705,
      1001
    ]
  ],
  "nmos_180": [],
  "nmos_270": [],
  "nmos_90": [],
  "pmos-cross_0": [],
  "pmos-cross_180": [],
  "pmos-cross_270": [],
  "pmos-cross_90": [],
  "pmos-mirror_0": [
    [
      115,
      467,
      188,
      538
    ],
    [
      206,
      253,
      279,
      324
    ]
  ],
  "pmos-mirror_180": [],
  "pmos-mirror_270": [],
  "pmos-mirror_90": [],
  "pmos_0": [
    [
      117,
      719,
      186,
      783
    ],
    [
      208,
      932,
      277,
      996
    ]
  ],
  "pmos_180": [],
  "pmos_270": [],
  "pmos_90": [],
  "resistor_0": [],
  "resistor_180": [],
  "resistor_270": [],
  "resistor_90": [],
  "vdd_0": [
    [
      54,
      228,
      89,
      294
    ],
    [
      54,
      441,
      89,
      507
    ],
    [
      54,
      746,
      89,
      812
    ],
    [
      54,
      960,
      89,
      1026
    ]
  ],
  "voltage-lines_0": [],
  "voltage-mirror_0": [],
  "voltage_0": []
}