{
  "capacitor_0": [],
  "capacitor_180": [
    [
      532,
      468,
      568,
      529
    ]
  ],
  "capacitor_270": [],
  "capacitor_90": [
    [
      213,
      167,
      274,
      203
    ],
    [
      213,
      655,
      274,
      691
    ]
  ],
  "current-arrow_0": [],
  "current-arrow_180": [],
  "current-arrow_270": [],
  "current-arrow_90": [],
  "current_0": [],
  "current_180": [],
  "current_270": [],
  "current_90": [],
  "gnd_0": [
    [
      279,
      83,
      318,
      121
    ],
    [
      279,
      723,
      318,
      761
    ],
    [
      645,
      327,
      684,
      365
    ],
    [
      645,
      479,
      684,
      517
    ]
  ],
  "gnd_180": [],
  "gnd_270": [],
  "gnd_90": [],
  "inductor_0": [],
  "inductor_180": [],
  "inductor_270": [],
  "inductor_90": [],
  "net-black_100": [],
  "net-black_10": [],
  "net-black_1111": [
    [
      227,
      574,
      257,
      604
    ]
  ],
  "net-black_111": [
    [
      410,
      330,
      440,
      360
    ],
    [
      410,
      483,
      440,
      513
    ]
  ],
  "net-black_120": [
    [
      227,
      270,
      257,
      300
    ]
  ],
  "net-black_181": [],
  "net-black_190": [],
  "net-black_1": [],
  "net-black_201": [],
  "net-black_210": [],
  "net-black_21": [],
  "net-black_271": [],
  "net-black_280": [],
  "net-black_291": [],
  "net-black_300": [],
  "net-black_30": [],
  "net-black_91": [],
  "net-white_100": [
    [
      227,
      361,
      257,
      391
    ]
  ],
  "net-white_10": [],
  "net-white_181": [],
  "net-white_190": [],
  "net-white_1": [],
  "net-white_271": [],
  "net-white_280": [
    [
      226,
      482,
      258,
      514
    ],
    [
      348,
      148,
      378,
      178
    ]
  ],
  "net-white_91": [],
  "nmos-cross_0": [
    [
      328,
      221,
      400,
      292
    ]
  ],
  "nmos-cross_180": [],
  "nmos-cross_270": [],
  "nmos-cross_90": [],
  "nmos-mirror-cross_0": [],
  "nmos-mirror-cross_180": [],
  "nmos-mirror-cross_270": [],
  "nmos-mirror-cross_90": [],
  "nmos-mirror_0": [],
  "nmos-mirror_180": [],
  "nmos-mirror_270": [],
  "nmos-mirror_90": [],
  "nmos_0": [
    [
      328,
      527,
      401,
      598
    ]
  ],
  "nmos_180": [],
  "nmos_270": [],
  "nmos_90": [],
  "pmos-cross_0": [],
  "pmos-cross_180": [],
  "pmos-cross_270": [],
  "pmos-cross_90": [],
  "pmos-mirror_0": [],
  "pmos-mirror_180": [],
  "pmos-mirror_270": [],
  "pmos-mirror_90": [],
  "pmos_0": [],
  "pmos_180": [],
  "pmos_270": [],
  "pmos_90": [],
  "resistor_0": [
    [
      125,
      260,
      185,
      310
    ],
    [
      126,
      564,
      182,
      615
    ]
  ],
  "resistor_180": [
    [
      517,
      321,
      577,
      371
    ]
  ],
  "resistor_270": [],
  "resistor_90": [],
  "vdd_0": [
    [
      55,
      252,
      90,
      318
    ],
    [
      55,
      557,
      90,
      623
    ]
  ],
  "voltage-lines_0": [],
  "voltage-mirror_0": [],
  "voltage_0": []
}