{
  "capacitor_0": [],
  "capacitor_180": [
    [
      280,
      501,
      317,
      567
    ],
    [
      535,
      246,
      572,
      312
    ],
    [
      535,
      788,
      572,
      854
    ]
  ],
  "capacitor_270": [],
  "capacitor_90": [],
  "current-arrow_0": [
    [
      508,
      690,
      579,
      762
    ]
  ],
  "current-arrow_180": [],
  "current-arrow_270": [
    [
      228,
      116,
      300,
      187
    ]
  ],
  "current-arrow_90": [],
  "current_0": [],
  "current_180": [],
  "current_270": [],
  "current_90": [],
  "gnd_0": [
    [
      333,
      384,
      377,
      427
    ],
    [
      365,
      512,
      409,
      555
    ],
    [
      620,
      257,
      664,
      300
    ],
    [
      620,
      703,
      664,
      746
    ],
    [
      620,
      799,
      664,
      842
    ]
  ],
  "gnd_180": [],
  "gnd_270": [],
  "gnd_90": [
    [
      242,
      31,
      285,
      75
    ]
  ],
  "inductor_0": [],
  "inductor_180": [],
  "inductor_270": [],
  "inductor_90": [],
  "net-black_100": [],
  "net-black_10": [],
  "net-black_1111": [],
  "net-black_111": [
    [
      184,
      518,
      214,
      548
    ],
    [
      248,
      263,
      278,
      293
    ]
  ],
  "net-black_120": [],
  "net-black_181": [],
  "net-black_190": [],
  "net-black_1": [],
  "net-black_201": [
    [
      441,
      709,
      471,
      739
    ],
    [
      441,
      805,
      471,
      835
    ]
  ],
  "net-black_210": [],
  "net-black_21": [],
  "net-black_271": [],
  "net-black_280": [],
  "net-black_291": [],
  "net-black_300": [],
  "net-black_30": [
    [
      184,
      391,
      214,
      421
    ],
    [
      440,
      263,
      470,
      293
    ]
  ],
  "net-black_91": [],
  "net-white_100": [
    [
      440,
      868,
      472,
      900
    ]
  ],
  "net-white_10": [],
  "net-white_181": [],
  "net-white_190": [],
  "net-white_1": [],
  "net-white_271": [],
  "net-white_280": [],
  "net-white_91": [],
  "nmos-cross_0": [],
  "nmos-cross_180": [],
  "nmos-cross_270": [],
  "nmos-cross_90": [],
  "nmos-mirror-cross_0": [],
  "nmos-mirror-cross_180": [],
  "nmos-mirror-cross_270": [],
  "nmos-mirror-cross_90": [],
  "nmos-mirror_0": [],
  "nmos-mirror_180": [],
  "nmos-mirror_270": [],
  "nmos-mirror_90": [],
  "nmos_0": [
    [
      162,
      659,
      237,
      730
    ],
    [
      226,
      340,
      301,
      411
    ]
  ],
  "nmos_180": [],
  "nmos_270": [],
  "nmos_90": [],
  "pmos-cross_0": [],
  "pmos-cross_180": [],
  "pmos-cross_270": [],
  "pmos-cross_90": [],
  "pmos-mirror_0": [],
  "pmos-mirror_180": [],
  "pmos-mirror_270": [],
  "pmos-mirror_90": [],
  "pmos_0": [],
  "pmos_180": [],
  "pmos_270": [],
  "pmos_90": [],
  "resistor_0": [],
  "resistor_180": [
    [
      77,
      380,
      135,
      433
    ]
  ],
  "resistor_270": [
    [
      431,
      511,
      481,
      566
    ]
  ],
  "resistor_90": [],
  "vdd_0": [
    [
      36,
      373,
      71,
      439
    ],
    [
      36,
      692,
      71,
      758
    ]
  ],
  "voltage-lines_0": [],
  "voltage-mirror_0": [],
  "voltage_0": []
}