{
  "capacitor_0": [],
  "capacitor_180": [],
  "capacitor_270": [],
  "capacitor_90": [],
  "current-arrow_0": [],
  "current-arrow_180": [],
  "current-arrow_270": [],
  "current-arrow_90": [],
  "current_0": [],
  "current_180": [],
  "current_270": [],
  "current_90": [],
  "gnd_0": [
    [
      662,
      375,
      701,
      413
    ]
  ],
  "gnd_180": [],
  "gnd_270": [],
  "gnd_90": [],
  "inductor_0": [],
  "inductor_180": [],
  "inductor_270": [],
  "inductor_90": [],
  "net-black_100": [],
  "net-black_10": [],
  "net-black_1111": [
    [
      213,
      257,
      243,
      287
    ],
    [
      213,
      501,
      243,
      531
    ]
  ],
  "net-black_111": [
    [
      457,
      379,
      487,
      409
    ]
  ],
  "net-black_120": [],
  "net-black_181": [
    [
      549,
      257,
      580,
      288
    ]
  ],
  "net-black_190": [],
  "net-black_1": [],
  "net-black_201": [],
  "net-black_210": [],
  "net-black_21": [],
  "net-black_271": [],
  "net-black_280": [],
  "net-black_291": [
    [
      274,
      501,
      304,
      531
    ]
  ],
  "net-black_300": [],
  "net-black_30": [
    [
      274,
      257,
      304,
      287
    ]
  ],
  "net-black_91": [],
  "net-white_100": [
    [
      214,
      318,
      244,
      348
    ],
    [
      396,
      623,
      426,
      653
    ]
  ],
  "net-white_10": [],
  "net-white_181": [],
  "net-white_190": [],
  "net-white_1": [],
  "net-white_271": [],
  "net-white_280": [
    [
      214,
      440,
      244,
      470
    ],
    [
      397,
      136,
      427,
      166
    ]
  ],
  "net-white_91": [],
  "nmos-cross_0": [],
  "nmos-cross_180": [],
  "nmos-cross_270": [],
  "nmos-cross_90": [],
  "nmos-mirror-cross_0": [],
  "nmos-mirror-cross_180": [],
  "nmos-mirror-cross_270": [],
  "nmos-mirror-cross_90": [],
  "nmos-mirror_0": [
    [
      378,
      514,
      447,
      578
    ]
  ],
  "nmos-mirror_180": [],
  "nmos-mirror_270": [],
  "nmos-mirror_90": [],
  "nmos_0": [
    [
      375,
      210,
      448,
      281
    ],
    [
      528,
      332,
      601,
      403
    ]
  ],
  "nmos_180": [],
  "nmos_270": [],
  "nmos_90": [],
  "pmos-cross_0": [],
  "pmos-cross_180": [],
  "pmos-cross_270": [],
  "pmos-cross_90": [],
  "pmos-mirror_0": [
    [
      102,
      509,
      175,
      580
    ]
  ],
  "pmos-mirror_180": [],
  "pmos-mirror_270": [],
  "pmos-mirror_90": [],
  "pmos_0": [
    [
      104,
      212,
      173,
      276
    ]
  ],
  "pmos_180": [],
  "pmos_270": [],
  "pmos_90": [],
  "resistor_0": [],
  "resistor_180": [],
  "resistor_270": [],
  "resistor_90": [
    [
      264,
      370,
      315,
      426
    ]
  ],
  "vdd_0": [
    [
      40,
      242,
      75,
      302
    ],
    [
      40,
      302,
      75,
      362
    ],
    [
      40,
      362,
      75,
      422
    ],
    [
      40,
      422,
      75,
      482
    ],
    [
      40,
      486,
      75,
      546
    ]
  ],
  "voltage-lines_0": [],
  "voltage-mirror_0": [],
  "voltage_0": []
}