{
  "capacitor_0": [],
  "capacitor_180": [],
  "capacitor_270": [],
  "capacitor_90": [],
  "current-arrow_0": [],
  "current-arrow_180": [
    [
      375,
      71,
      444,
      139
    ]
  ],
  "current-arrow_270": [],
  "current-arrow_90": [],
  "current_0": [
    [
      347,
      610,
      394,
      638
    ]
  ],
  "current_180": [],
  "current_270": [],
  "current_90": [],
  "gnd_0": [
    [
      393,
      299,
      432,
      337
    ],
    [
      485,
      85,
      524,
      123
    ],
    [
      607,
      329,
      646,
      367
    ],
    [
      607,
      542,
      646,
      580
    ],
    [
      607,
      603,
      646,
      641
    ]
  ],
  "gnd_180": [],
  "gnd_270": [],
  "gnd_90": [],
  "inductor_0": [],
  "inductor_180": [],
  "inductor_270": [],
  "inductor_90": [],
  "net-black_100": [],
  "net-black_10": [],
  "net-black_1111": [],
  "net-black_111": [
    [
      463,
      333,
      493,
      363
    ],
    [
      463,
      546,
      493,
      576
    ]
  ],
  "net-black_120": [
    [
      310,
      181,
      340,
      211
    ]
  ],
  "net-black_181": [],
  "net-black_190": [],
  "net-black_1": [],
  "net-black_201": [],
  "net-black_210": [],
  "net-black_21": [],
  "net-black_271": [],
  "net-black_280": [],
  "net-black_291": [
    [
      462,
      608,
      492,
      638
    ]
  ],
  "net-black_300": [],
  "net-black_30": [
    [
      219,
      303,
      249,
      333
    ]
  ],
  "net-black_91": [],
  "net-white_100": [
    [
      463,
      395,
      493,
      425
    ]
  ],
  "net-white_10": [],
  "net-white_181": [],
  "net-white_190": [],
  "net-white_1": [],
  "net-white_271": [],
  "net-white_280": [
    [
      462,
      485,
      494,
      517
    ]
  ],
  "net-white_91": [],
  "nmos-cross_0": [],
  "nmos-cross_180": [],
  "nmos-cross_270": [],
  "nmos-cross_90": [],
  "nmos-mirror-cross_0": [],
  "nmos-mirror-cross_180": [],
  "nmos-mirror-cross_270": [],
  "nmos-mirror-cross_90": [],
  "nmos-mirror_0": [],
  "nmos-mirror_180": [],
  "nmos-mirror_270": [],
  "nmos-mirror_90": [],
  "nmos_0": [
    [
      198,
      560,
      271,
      631
    ],
    [
      289,
      255,
      362,
      326
    ]
  ],
  "nmos_180": [],
  "nmos_270": [],
  "nmos_90": [],
  "pmos-cross_0": [],
  "pmos-cross_180": [],
  "pmos-cross_270": [],
  "pmos-cross_90": [],
  "pmos-mirror_0": [],
  "pmos-mirror_180": [],
  "pmos-mirror_270": [],
  "pmos-mirror_90": [],
  "pmos_0": [],
  "pmos_180": [],
  "pmos_270": [],
  "pmos_90": [],
  "resistor_0": [
    [
      117,
      294,
      177,
      344
    ]
  ],
  "resistor_180": [
    [
      509,
      324,
      569,
      374
    ],
    [
      509,
      537,
      569,
      587
    ],
    [
      509,
      598,
      569,
      648
    ]
  ],
  "resistor_270": [
    [
      454,
      235,
      505,
      291
    ]
  ],
  "resistor_90": [],
  "vdd_0": [
    [
      46,
      286,
      81,
      352
    ],
    [
      46,
      590,
      81,
      656
    ]
  ],
  "voltage-lines_0": [],
  "voltage-mirror_0": [],
  "voltage_0": []
}