{
  "capacitor_0": [],
  "capacitor_180": [
    [
      367,
      570,
      404,
      636
    ],
    [
      558,
      857,
      595,
      923
    ]
  ],
  "capacitor_270": [],
  "capacitor_90": [],
  "current-arrow_0": [
    [
      531,
      296,
      602,
      368
    ],
    [
      531,
      758,
      602,
      830
    ]
  ],
  "current-arrow_180": [],
  "current-arrow_270": [],
  "current-arrow_90": [],
  "current_0": [],
  "current_180": [],
  "current_270": [],
  "current_90": [],
  "gnd_0": [
    [
      451,
      580,
      495,
      623
    ],
    [
      643,
      310,
      687,
      353
    ],
    [
      643,
      772,
      687,
      815
    ],
    [
      643,
      868,
      687,
      911
    ]
  ],
  "gnd_180": [],
  "gnd_270": [],
  "gnd_90": [],
  "inductor_0": [],
  "inductor_180": [],
  "inductor_270": [],
  "inductor_90": [],
  "net-black_100": [
    [
      145,
      300,
      176,
      331
    ]
  ],
  "net-black_10": [],
  "net-black_1111": [],
  "net-black_111": [
    [
      271,
      587,
      301,
      617
    ],
    [
      463,
      316,
      493,
      346
    ]
  ],
  "net-black_120": [],
  "net-black_181": [],
  "net-black_190": [],
  "net-black_1": [],
  "net-black_201": [
    [
      464,
      873,
      494,
      903
    ]
  ],
  "net-black_210": [],
  "net-black_21": [],
  "net-black_271": [],
  "net-black_280": [],
  "net-black_291": [],
  "net-black_300": [],
  "net-black_30": [
    [
      271,
      427,
      301,
      457
    ],
    [
      464,
      778,
      494,
      808
    ]
  ],
  "net-black_91": [],
  "net-white_100": [
    [
      463,
      937,
      495,
      969
    ]
  ],
  "net-white_10": [],
  "net-white_181": [],
  "net-white_190": [],
  "net-white_1": [],
  "net-white_271": [],
  "net-white_280": [
    [
      398,
      75,
      430,
      107
    ],
    [
      493,
      75,
      525,
      107
    ]
  ],
  "net-white_91": [],
  "nmos-cross_0": [],
  "nmos-cross_180": [],
  "nmos-cross_270": [],
  "nmos-cross_90": [],
  "nmos-mirror-cross_0": [],
  "nmos-mirror-cross_180": [],
  "nmos-mirror-cross_270": [],
  "nmos-mirror-cross_90": [],
  "nmos-mirror_0": [
    [
      378,
      439,
      452,
      508
    ]
  ],
  "nmos-mirror_180": [],
  "nmos-mirror_270": [],
  "nmos-mirror_90": [],
  "nmos_0": [
    [
      248,
      728,
      323,
      799
    ],
    [
      376,
      154,
      451,
      225
    ]
  ],
  "nmos_180": [],
  "nmos_270": [],
  "nmos_90": [],
  "pmos-cross_0": [],
  "pmos-cross_180": [],
  "pmos-cross_270": [],
  "pmos-cross_90": [],
  "pmos-mirror_0": [],
  "pmos-mirror_180": [],
  "pmos-mirror_270": [],
  "pmos-mirror_90": [],
  "pmos_0": [
    [
      124,
      378,
      198,
      447
    ]
  ],
  "pmos_180": [],
  "pmos_270": [],
  "pmos_90": [],
  "resistor_0": [],
  "resistor_180": [],
  "resistor_270": [],
  "resistor_90": [],
  "vdd_0": [
    [
      59,
      187,
      94,
      253
    ],
    [
      59,
      410,
      94,
      476
    ],
    [
      59,
      761,
      94,
      827
    ]
  ],
  "voltage-lines_0": [],
  "voltage-mirror_0": [],
  "voltage_0": []
}