{
  "capacitor_0": [],
  "capacitor_180": [],
  "capacitor_270": [],
  "capacitor_90": [],
  "current-arrow_0": [],
  "current-arrow_180": [],
  "current-arrow_270": [],
  "current-arrow_90": [],
  "current_0": [
    [
      271,
      168,
      318,
      196
    ],
    [
      303,
      519,
      350,
      547
    ]
  ],
  "current_180": [],
  "current_270": [],
  "current_90": [],
  "gnd_0": [
    [
      507,
      160,
      551,
      203
    ],
    [
      634,
      511,
      678,
      554
    ]
  ],
  "gnd_180": [],
  "gnd_270": [],
  "gnd_90": [],
  "inductor_0": [],
  "inductor_180": [],
  "inductor_270": [],
  "inductor_90": [],
  "net-black_100": [],
  "net-black_10": [],
  "net-black_1111": [],
  "net-black_111": [
    [
      135,
      390,
      165,
      420
    ]
  ],
  "net-black_120": [],
  "net-black_181": [],
  "net-black_190": [],
  "net-black_1": [],
  "net-black_201": [],
  "net-black_210": [],
  "net-black_21": [
    [
      422,
      262,
      452,
      292
    ]
  ],
  "net-black_271": [],
  "net-black_280": [],
  "net-black_291": [
    [
      230,
      518,
      260,
      548
    ]
  ],
  "net-black_300": [],
  "net-black_30": [
    [
      327,
      166,
      357,
      196
    ]
  ],
  "net-black_91": [],
  "net-white_100": [],
  "net-white_10": [],
  "net-white_181": [],
  "net-white_190": [],
  "net-white_1": [],
  "net-white_271": [],
  "net-white_280": [],
  "net-white_91": [],
  "nmos-cross_0": [],
  "nmos-cross_180": [],
  "nmos-cross_270": [],
  "nmos-cross_90": [],
  "nmos-mirror-cross_0": [],
  "nmos-mirror-cross_180": [],
  "nmos-mirror-cross_270": [],
  "nmos-mirror-cross_90": [],
  "nmos-mirror_0": [
    [
      401,
      178,
      475,
      247
    ]
  ],
  "nmos-mirror_180": [],
  "nmos-mirror_270": [],
  "nmos-mirror_90": [],
  "nmos_0": [
    [
      399,
      467,
      474,
      538
    ]
  ],
  "nmos_180": [
    [
      115,
      177,
      190,
      248
    ]
  ],
  "nmos_270": [],
  "nmos_90": [],
  "pmos-cross_0": [],
  "pmos-cross_180": [],
  "pmos-cross_270": [],
  "pmos-cross_90": [],
  "pmos-mirror_0": [],
  "pmos-mirror_180": [],
  "pmos-mirror_270": [],
  "pmos-mirror_90": [],
  "pmos_0": [
    [
      115,
      468,
      189,
      537
    ]
  ],
  "pmos_180": [],
  "pmos_270": [],
  "pmos_90": [],
  "resistor_0": [],
  "resistor_180": [
    [
      538,
      507,
      596,
      560
    ]
  ],
  "resistor_270": [],
  "resistor_90": [],
  "vdd_0": [
    [
      49,
      151,
      84,
      211
    ],
    [
      49,
      211,
      84,
      271
    ],
    [
      49,
      271,
      84,
      331
    ],
    [
      49,
      331,
      84,
      391
    ],
    [
      49,
      391,
      84,
      451
    ],
    [
      49,
      502,
      84,
      562
    ]
  ],
  "voltage-lines_0": [],
  "voltage-mirror_0": [],
  "voltage_0": []
}