{
  "capacitor_0": [],
  "capacitor_180": [
    [
      505,
      190,
      541,
      251
    ],
    [
      505,
      830,
      541,
      891
    ]
  ],
  "capacitor_270": [],
  "capacitor_90": [],
  "current-arrow_0": [
    [
      782,
      522,
      851,
      590
    ]
  ],
  "current-arrow_180": [],
  "current-arrow_270": [],
  "current-arrow_90": [],
  "current_0": [
    [
      236,
      725,
      283,
      753
    ],
    [
      238,
      420,
      285,
      448
    ]
  ],
  "current_180": [],
  "current_270": [
    [
      422,
      236,
      450,
      283
    ],
    [
      470,
      722,
      498,
      769
    ]
  ],
  "current_90": [],
  "gnd_0": [
    [
      587,
      201,
      626,
      239
    ],
    [
      587,
      841,
      626,
      879
    ],
    [
      892,
      536,
      931,
      574
    ]
  ],
  "gnd_180": [],
  "gnd_270": [],
  "gnd_90": [],
  "inductor_0": [],
  "inductor_180": [],
  "inductor_270": [],
  "inductor_90": [],
  "net-black_100": [],
  "net-black_10": [],
  "net-black_1111": [],
  "net-black_111": [
    [
      718,
      540,
      748,
      570
    ]
  ],
  "net-black_120": [],
  "net-black_181": [],
  "net-black_190": [],
  "net-black_1": [],
  "net-black_201": [],
  "net-black_210": [],
  "net-black_21": [],
  "net-black_271": [],
  "net-black_280": [],
  "net-black_291": [
    [
      443,
      388,
      473,
      418
    ]
  ],
  "net-black_300": [],
  "net-black_30": [],
  "net-black_91": [],
  "net-white_100": [],
  "net-white_10": [],
  "net-white_181": [],
  "net-white_190": [],
  "net-white_1": [],
  "net-white_271": [],
  "net-white_280": [
    [
      656,
      145,
      686,
      175
    ]
  ],
  "net-white_91": [],
  "nmos-cross_0": [],
  "nmos-cross_180": [],
  "nmos-cross_270": [],
  "nmos-cross_90": [],
  "nmos-mirror-cross_0": [],
  "nmos-mirror-cross_180": [],
  "nmos-mirror-cross_270": [],
  "nmos-mirror-cross_90": [],
  "nmos-mirror_0": [],
  "nmos-mirror_180": [],
  "nmos-mirror_270": [],
  "nmos-mirror_90": [],
  "nmos_0": [
    [
      514,
      340,
      587,
      411
    ],
    [
      636,
      340,
      709,
      411
    ]
  ],
  "nmos_180": [],
  "nmos_270": [],
  "nmos_90": [],
  "pmos-cross_0": [
    [
      90,
      343,
      159,
      407
    ],
    [
      273,
      343,
      342,
      407
    ]
  ],
  "pmos-cross_180": [],
  "pmos-cross_270": [],
  "pmos-cross_90": [],
  "pmos-mirror_0": [],
  "pmos-mirror_180": [],
  "pmos-mirror_270": [],
  "pmos-mirror_90": [],
  "pmos_0": [
    [
      90,
      648,
      159,
      712
    ],
    [
      273,
      648,
      342,
      712
    ]
  ],
  "pmos_180": [],
  "pmos_270": [],
  "pmos_90": [],
  "resistor_0": [],
  "resistor_180": [],
  "resistor_270": [],
  "resistor_90": [],
  "vdd_0": [
    [
      26,
      454,
      61,
      514
    ],
    [
      26,
      514,
      61,
      574
    ],
    [
      26,
      678,
      61,
      738
    ]
  ],
  "voltage-lines_0": [],
  "voltage-mirror_0": [],
  "voltage_0": []
}