{
  "capacitor_0": [],
  "capacitor_180": [],
  "capacitor_270": [],
  "capacitor_90": [],
  "current-arrow_0": [],
  "current-arrow_180": [],
  "current-arrow_270": [],
  "current-arrow_90": [],
  "current_0": [
    [
      404,
      256,
      456,
      289
    ],
    [
      406,
      511,
      453,
      539
    ]
  ],
  "current_180": [],
  "current_270": [],
  "current_90": [
    [
      269,
      653,
      297,
      700
    ]
  ],
  "gnd_0": [
    [
      447,
      762,
      491,
      805
    ]
  ],
  "gnd_180": [],
  "gnd_270": [
    [
      485,
      672,
      528,
      716
    ]
  ],
  "gnd_90": [
    [
      484,
      74,
      527,
      118
    ]
  ],
  "inductor_0": [],
  "inductor_180": [],
  "inductor_270": [],
  "inductor_90": [],
  "net-black_100": [],
  "net-black_10": [],
  "net-black_1111": [],
  "net-black_111": [
    [
      139,
      322,
      169,
      352
    ]
  ],
  "net-black_120": [],
  "net-black_181": [],
  "net-black_190": [],
  "net-black_1": [],
  "net-black_201": [],
  "net-black_210": [],
  "net-black_21": [],
  "net-black_271": [],
  "net-black_280": [],
  "net-black_291": [],
  "net-black_300": [],
  "net-black_30": [
    [
      235,
      226,
      265,
      256
    ],
    [
      267,
      545,
      297,
      575
    ]
  ],
  "net-black_91": [],
  "net-white_100": [],
  "net-white_10": [],
  "net-white_181": [],
  "net-white_190": [],
  "net-white_1": [],
  "net-white_271": [],
  "net-white_280": [],
  "net-white_91": [],
  "nmos-cross_0": [],
  "nmos-cross_180": [],
  "nmos-cross_270": [],
  "nmos-cross_90": [],
  "nmos-mirror-cross_0": [],
  "nmos-mirror-cross_180": [],
  "nmos-mirror-cross_270": [],
  "nmos-mirror-cross_90": [],
  "nmos-mirror_0": [
    [
      469,
      556,
      543,
      625
    ]
  ],
  "nmos-mirror_180": [],
  "nmos-mirror_270": [],
  "nmos-mirror_90": [],
  "nmos_0": [
    [
      467,
      176,
      542,
      247
    ]
  ],
  "nmos_180": [
    [
      119,
      237,
      194,
      308
    ]
  ],
  "nmos_270": [],
  "nmos_90": [],
  "pmos-cross_0": [],
  "pmos-cross_180": [],
  "pmos-cross_270": [],
  "pmos-cross_90": [],
  "pmos-mirror_0": [],
  "pmos-mirror_180": [],
  "pmos-mirror_270": [],
  "pmos-mirror_90": [],
  "pmos_0": [
    [
      119,
      496,
      193,
      565
    ]
  ],
  "pmos_180": [],
  "pmos_270": [],
  "pmos_90": [],
  "resistor_0": [],
  "resistor_180": [],
  "resistor_270": [],
  "resistor_90": [],
  "vdd_0": [
    [
      53,
      211,
      88,
      271
    ],
    [
      53,
      271,
      88,
      331
    ],
    [
      53,
      331,
      88,
      391
    ],
    [
      53,
      391,
      88,
      451
    ],
    [
      53,
      451,
      88,
      511
    ],
    [
      53,
      530,
      88,
      590
    ]
  ],
  "voltage-lines_0": [],
  "voltage-mirror_0": [],
  "voltage_0": [
    [
      327,
      749,
      427,
      839
    ]
  ]
}