{
  "capacitor_0": [],
  "capacitor_180": [],
  "capacitor_270": [],
  "capacitor_90": [],
  "current-arrow_0": [
    [
      247,
      50,
      316,
      118
    ]
  ],
  "current-arrow_180": [],
  "current-arrow_270": [],
  "current-arrow_90": [],
  "current_0": [],
  "current_180": [],
  "current_270": [],
  "current_90": [],
  "gnd_0": [
    [
      357,
      65,
      396,
      103
    ],
    [
      632,
      340,
      671,
      378
    ],
    [
      632,
      401,
      671,
      439
    ]
  ],
  "gnd_180": [],
  "gnd_270": [],
  "gnd_90": [],
  "inductor_0": [],
  "inductor_180": [],
  "inductor_270": [],
  "inductor_90": [],
  "net-black_100": [],
  "net-black_10": [],
  "net-black_1111": [],
  "net-black_111": [
    [
      122,
      161,
      152,
      191
    ],
    [
      274,
      498,
      304,
      528
    ],
    [
      458,
      344,
      488,
      374
    ],
    [
      458,
      405,
      488,
      435
    ]
  ],
  "net-black_120": [],
  "net-black_181": [],
  "net-black_190": [],
  "net-black_1": [],
  "net-black_201": [],
  "net-black_210": [],
  "net-black_21": [],
  "net-black_271": [],
  "net-black_280": [],
  "net-black_291": [
    [
      274,
      252,
      304,
      282
    ]
  ],
  "net-black_300": [],
  "net-black_30": [
    [
      183,
      69,
      213,
      99
    ]
  ],
  "net-black_91": [],
  "net-white_100": [],
  "net-white_10": [],
  "net-white_181": [],
  "net-white_190": [],
  "net-white_1": [],
  "net-white_271": [],
  "net-white_280": [],
  "net-white_91": [],
  "nmos-cross_0": [],
  "nmos-cross_180": [],
  "nmos-cross_270": [],
  "nmos-cross_90": [],
  "nmos-mirror-cross_0": [],
  "nmos-mirror-cross_180": [],
  "nmos-mirror-cross_270": [],
  "nmos-mirror-cross_90": [],
  "nmos-mirror_0": [
    [
      378,
      509,
      447,
      573
    ],
    [
      530,
      418,
      599,
      482
    ]
  ],
  "nmos-mirror_180": [],
  "nmos-mirror_270": [],
  "nmos-mirror_90": [],
  "nmos_0": [
    [
      375,
      205,
      448,
      276
    ],
    [
      528,
      296,
      601,
      367
    ]
  ],
  "nmos_180": [],
  "nmos_270": [],
  "nmos_90": [],
  "pmos-cross_0": [
    [
      104,
      207,
      173,
      271
    ]
  ],
  "pmos-cross_180": [],
  "pmos-cross_270": [],
  "pmos-cross_90": [],
  "pmos-mirror_0": [
    [
      102,
      77,
      175,
      148
    ]
  ],
  "pmos-mirror_180": [],
  "pmos-mirror_270": [],
  "pmos-mirror_90": [],
  "pmos_0": [
    [
      104,
      451,
      173,
      515
    ]
  ],
  "pmos_180": [],
  "pmos_270": [],
  "pmos_90": [],
  "resistor_0": [],
  "resistor_180": [],
  "resistor_270": [],
  "resistor_90": [],
  "vdd_0": [
    [
      40,
      54,
      75,
      114
    ],
    [
      40,
      114,
      75,
      174
    ],
    [
      40,
      174,
      75,
      234
    ],
    [
      40,
      237,
      75,
      297
    ],
    [
      40,
      297,
      75,
      357
    ],
    [
      40,
      357,
      75,
      417
    ],
    [
      40,
      417,
      75,
      477
    ],
    [
      40,
      481,
      75,
      541
    ]
  ],
  "voltage-lines_0": [],
  "voltage-mirror_0": [],
  "voltage_0": []
}