{
  "capacitor_0": [],
  "capacitor_180": [],
  "capacitor_270": [],
  "capacitor_90": [],
  "current-arrow_0": [
    [
      721,
      384,
      790,
      452
    ]
  ],
  "current-arrow_180": [],
  "current-arrow_270": [],
  "current-arrow_90": [],
  "current_0": [],
  "current_180": [],
  "current_270": [],
  "current_90": [],
  "gnd_0": [
    [
      830,
      398,
      869,
      436
    ]
  ],
  "gnd_180": [],
  "gnd_270": [],
  "gnd_90": [],
  "inductor_0": [],
  "inductor_180": [],
  "inductor_270": [],
  "inductor_90": [],
  "net-black_100": [
    [
      137,
      127,
      168,
      158
    ],
    [
      442,
      127,
      473,
      158
    ]
  ],
  "net-black_10": [],
  "net-black_1111": [],
  "net-black_111": [
    [
      656,
      402,
      686,
      432
    ]
  ],
  "net-black_120": [],
  "net-black_181": [],
  "net-black_190": [],
  "net-black_1": [],
  "net-black_201": [],
  "net-black_210": [],
  "net-black_21": [
    [
      288,
      402,
      318,
      432
    ]
  ],
  "net-black_271": [
    [
      257,
      402,
      288,
      433
    ]
  ],
  "net-black_280": [],
  "net-black_291": [
    [
      380,
      250,
      410,
      280
    ]
  ],
  "net-black_300": [],
  "net-black_30": [
    [
      381,
      554,
      411,
      584
    ]
  ],
  "net-black_91": [],
  "net-white_100": [
    [
      381,
      646,
      411,
      676
    ],
    [
      594,
      677,
      624,
      707
    ]
  ],
  "net-white_10": [],
  "net-white_181": [],
  "net-white_190": [],
  "net-white_1": [],
  "net-white_271": [],
  "net-white_280": [
    [
      380,
      158,
      412,
      190
    ],
    [
      594,
      128,
      624,
      158
    ]
  ],
  "net-white_91": [],
  "nmos-cross_0": [
    [
      421,
      201,
      493,
      272
    ]
  ],
  "nmos-cross_180": [],
  "nmos-cross_270": [],
  "nmos-cross_90": [],
  "nmos-mirror-cross_0": [],
  "nmos-mirror-cross_180": [],
  "nmos-mirror-cross_270": [],
  "nmos-mirror-cross_90": [],
  "nmos-mirror_0": [
    [
      576,
      567,
      645,
      631
    ]
  ],
  "nmos-mirror_180": [],
  "nmos-mirror_270": [],
  "nmos-mirror_90": [],
  "nmos_0": [
    [
      421,
      507,
      494,
      578
    ],
    [
      573,
      202,
      646,
      273
    ]
  ],
  "nmos_180": [],
  "nmos_270": [],
  "nmos_90": [],
  "pmos-cross_0": [
    [
      119,
      204,
      188,
      268
    ]
  ],
  "pmos-cross_180": [],
  "pmos-cross_270": [],
  "pmos-cross_90": [],
  "pmos-mirror_0": [
    [
      269,
      258,
      342,
      329
    ]
  ],
  "pmos-mirror_180": [],
  "pmos-mirror_270": [],
  "pmos-mirror_90": [],
  "pmos_0": [
    [
      119,
      509,
      188,
      573
    ],
    [
      271,
      509,
      340,
      573
    ]
  ],
  "pmos_180": [],
  "pmos_270": [],
  "pmos_90": [],
  "resistor_0": [],
  "resistor_180": [],
  "resistor_270": [],
  "resistor_90": [],
  "vdd_0": [
    [
      56,
      232,
      91,
      298
    ],
    [
      56,
      537,
      91,
      603
    ]
  ],
  "voltage-lines_0": [],
  "voltage-mirror_0": [],
  "voltage_0": []
}