{
  "capacitor_0": [],
  "capacitor_180": [
    [
      356,
      316,
      392,
      377
    ]
  ],
  "capacitor_270": [],
  "capacitor_90": [],
  "current-arrow_0": [],
  "current-arrow_180": [],
  "current-arrow_270": [],
  "current-arrow_90": [],
  "current_0": [],
  "current_180": [],
  "current_270": [],
  "current_90": [],
  "gnd_0": [
    [
      377,
      510,
      416,
      548
    ],
    [
      438,
      327,
      477,
      365
    ],
    [
      652,
      205,
      691,
      243
    ]
  ],
  "gnd_180": [],
  "gnd_270": [],
  "gnd_90": [],
  "inductor_0": [],
  "inductor_180": [],
  "inductor_270": [],
  "inductor_90": [],
  "net-black_100": [],
  "net-black_10": [],
  "net-black_1111": [],
  "net-black_111": [
    [
      203,
      605,
      233,
      635
    ],
    [
      294,
      331,
      324,
      361
    ]
  ],
  "net-black_120": [],
  "net-black_181": [],
  "net-black_190": [],
  "net-black_1": [],
  "net-black_201": [],
  "net-black_210": [],
  "net-black_21": [],
  "net-black_271": [],
  "net-black_280": [],
  "net-black_291": [],
  "net-black_300": [],
  "net-black_30": [
    [
      202,
      514,
      232,
      544
    ],
    [
      294,
      209,
      324,
      239
    ],
    [
      477,
      209,
      507,
      239
    ]
  ],
  "net-black_91": [],
  "net-white_100": [
    [
      202,
      667,
      232,
      697
    ]
  ],
  "net-white_10": [],
  "net-white_181": [],
  "net-white_190": [],
  "net-white_1": [],
  "net-white_271": [],
  "net-white_280": [
    [
      354,
      86,
      386,
      118
    ]
  ],
  "net-white_91": [],
  "nmos-cross_0": [],
  "nmos-cross_180": [],
  "nmos-cross_270": [],
  "nmos-cross_90": [],
  "nmos-mirror-cross_0": [],
  "nmos-mirror-cross_180": [],
  "nmos-mirror-cross_270": [],
  "nmos-mirror-cross_90": [],
  "nmos-mirror_0": [],
  "nmos-mirror_180": [],
  "nmos-mirror_270": [],
  "nmos-mirror_90": [],
  "nmos_0": [
    [
      273,
      466,
      346,
      537
    ],
    [
      334,
      161,
      407,
      232
    ]
  ],
  "nmos_180": [],
  "nmos_270": [],
  "nmos_90": [],
  "pmos-cross_0": [],
  "pmos-cross_180": [],
  "pmos-cross_270": [],
  "pmos-cross_90": [],
  "pmos-mirror_0": [],
  "pmos-mirror_180": [],
  "pmos-mirror_270": [],
  "pmos-mirror_90": [],
  "pmos_0": [],
  "pmos_180": [],
  "pmos_270": [],
  "pmos_90": [],
  "resistor_0": [
    [
      162,
      200,
      222,
      250
    ]
  ],
  "resistor_180": [
    [
      96,
      504,
      156,
      554
    ],
    [
      554,
      199,
      614,
      249
    ]
  ],
  "resistor_270": [],
  "resistor_90": [
    [
      467,
      413,
      518,
      469
    ]
  ],
  "vdd_0": [
    [
      29,
      194,
      64,
      254
    ],
    [
      29,
      254,
      64,
      314
    ],
    [
      29,
      314,
      64,
      374
    ],
    [
      29,
      374,
      64,
      434
    ],
    [
      29,
      434,
      64,
      494
    ],
    [
      29,
      499,
      64,
      559
    ]
  ],
  "voltage-lines_0": [],
  "voltage-mirror_0": [],
  "voltage_0": []
}