{
  "capacitor_0": [],
  "capacitor_180": [
    [
      636,
      172,
      672,
      233
    ],
    [
      636,
      599,
      672,
      660
    ]
  ],
  "capacitor_270": [],
  "capacitor_90": [],
  "current-arrow_0": [
    [
      578,
      382,
      647,
      450
    ]
  ],
  "current-arrow_180": [],
  "current-arrow_270": [],
  "current-arrow_90": [],
  "current_0": [],
  "current_180": [],
  "current_270": [],
  "current_90": [],
  "gnd_0": [
    [
      688,
      397,
      727,
      435
    ],
    [
      750,
      854,
      789,
      892
    ],
    [
      750,
      1159,
      789,
      1197
    ]
  ],
  "gnd_180": [],
  "gnd_270": [],
  "gnd_90": [],
  "inductor_0": [],
  "inductor_180": [],
  "inductor_270": [],
  "inductor_90": [],
  "net-black_100": [],
  "net-black_10": [],
  "net-black_1111": [],
  "net-black_111": [
    [
      452,
      187,
      482,
      217
    ],
    [
      452,
      614,
      482,
      644
    ],
    [
      513,
      401,
      543,
      431
    ]
  ],
  "net-black_120": [],
  "net-black_181": [],
  "net-black_190": [],
  "net-black_1": [],
  "net-black_201": [],
  "net-black_210": [],
  "net-black_21": [],
  "net-black_271": [],
  "net-black_280": [],
  "net-black_291": [
    [
      147,
      858,
      177,
      888
    ],
    [
      179,
      1163,
      209,
      1193
    ],
    [
      360,
      858,
      390,
      888
    ],
    [
      453,
      1163,
      483,
      1193
    ]
  ],
  "net-black_300": [],
  "net-black_30": [],
  "net-black_91": [],
  "net-white_100": [],
  "net-white_10": [],
  "net-white_181": [],
  "net-white_190": [
    [
      695,
      187,
      727,
      219
    ],
    [
      696,
      615,
      726,
      645
    ]
  ],
  "net-white_1": [],
  "net-white_271": [],
  "net-white_280": [],
  "net-white_91": [],
  "nmos-cross_0": [
    [
      524,
      809,
      596,
      880
    ],
    [
      646,
      809,
      718,
      880
    ]
  ],
  "nmos-cross_180": [],
  "nmos-cross_270": [],
  "nmos-cross_90": [],
  "nmos-mirror-cross_0": [],
  "nmos-mirror-cross_180": [],
  "nmos-mirror-cross_270": [],
  "nmos-mirror-cross_90": [],
  "nmos-mirror_0": [
    [
      433,
      505,
      502,
      569
    ]
  ],
  "nmos-mirror_180": [],
  "nmos-mirror_270": [],
  "nmos-mirror_90": [],
  "nmos_0": [
    [
      431,
      262,
      504,
      333
    ],
    [
      524,
      1116,
      597,
      1187
    ],
    [
      646,
      1116,
      719,
      1187
    ]
  ],
  "nmos_180": [],
  "nmos_270": [],
  "nmos_90": [],
  "pmos-cross_0": [
    [
      252,
      813,
      321,
      877
    ]
  ],
  "pmos-cross_180": [],
  "pmos-cross_270": [],
  "pmos-cross_90": [],
  "pmos-mirror_0": [
    [
      67,
      866,
      140,
      937
    ]
  ],
  "pmos-mirror_180": [],
  "pmos-mirror_270": [],
  "pmos-mirror_90": [],
  "pmos_0": [
    [
      252,
      1118,
      321,
      1182
    ]
  ],
  "pmos_180": [],
  "pmos_270": [],
  "pmos_90": [],
  "resistor_0": [],
  "resistor_180": [
    [
      529,
      178,
      589,
      228
    ],
    [
      529,
      605,
      589,
      655
    ]
  ],
  "resistor_270": [
    [
      443,
      699,
      494,
      755
    ]
  ],
  "resistor_90": [
    [
      442,
      86,
      493,
      142
    ]
  ],
  "vdd_0": [
    [
      35,
      937,
      70,
      997
    ],
    [
      35,
      997,
      70,
      1057
    ],
    [
      35,
      1057,
      70,
      1117
    ],
    [
      35,
      1149,
      70,
      1209
    ]
  ],
  "voltage-lines_0": [],
  "voltage-mirror_0": [],
  "voltage_0": []
}