{
  "capacitor_0": [
    [
      88,
      222,
      124,
      283
    ]
  ],
  "capacitor_180": [],
  "capacitor_270": [],
  "capacitor_90": [
    [
      348,
      195,
      409,
      231
    ]
  ],
  "current-arrow_0": [],
  "current-arrow_180": [],
  "current-arrow_270": [
    [
      497,
      107,
      565,
      176
    ]
  ],
  "current-arrow_90": [],
  "current_0": [],
  "current_180": [],
  "current_270": [],
  "current_90": [],
  "gnd_0": [
    [
      476,
      416,
      515,
      454
    ],
    [
      659,
      202,
      698,
      240
    ]
  ],
  "gnd_180": [],
  "gnd_270": [],
  "gnd_90": [],
  "inductor_0": [],
  "inductor_180": [],
  "inductor_270": [],
  "inductor_90": [],
  "net-black_100": [],
  "net-black_10": [],
  "net-black_1111": [],
  "net-black_111": [
    [
      362,
      298,
      392,
      328
    ],
    [
      515,
      206,
      545,
      236
    ]
  ],
  "net-black_120": [],
  "net-black_181": [],
  "net-black_190": [],
  "net-black_1": [],
  "net-black_201": [],
  "net-black_210": [],
  "net-black_21": [],
  "net-black_271": [],
  "net-black_280": [],
  "net-black_291": [
    [
      178,
      420,
      208,
      450
    ],
    [
      514,
      298,
      544,
      328
    ]
  ],
  "net-black_300": [],
  "net-black_30": [
    [
      272,
      420,
      302,
      450
    ]
  ],
  "net-black_91": [],
  "net-white_100": [
    [
      272,
      481,
      302,
      511
    ]
  ],
  "net-white_10": [],
  "net-white_181": [],
  "net-white_190": [],
  "net-white_1": [],
  "net-white_271": [],
  "net-white_280": [
    [
      363,
      115,
      393,
      145
    ]
  ],
  "net-white_91": [],
  "nmos-cross_0": [],
  "nmos-cross_180": [],
  "nmos-cross_270": [],
  "nmos-cross_90": [],
  "nmos-mirror-cross_0": [],
  "nmos-mirror-cross_180": [],
  "nmos-mirror-cross_270": [],
  "nmos-mirror-cross_90": [],
  "nmos-mirror_0": [
    [
      557,
      219,
      626,
      283
    ]
  ],
  "nmos-mirror_180": [],
  "nmos-mirror_270": [],
  "nmos-mirror_90": [],
  "nmos_0": [
    [
      341,
      372,
      414,
      443
    ]
  ],
  "nmos_180": [],
  "nmos_270": [],
  "nmos_90": [],
  "pmos-cross_0": [],
  "pmos-cross_180": [],
  "pmos-cross_270": [],
  "pmos-cross_90": [],
  "pmos-mirror_0": [],
  "pmos-mirror_180": [],
  "pmos-mirror_270": [],
  "pmos-mirror_90": [],
  "pmos_0": [
    [
      100,
      375,
      169,
      439
    ]
  ],
  "pmos_180": [],
  "pmos_270": [],
  "pmos_90": [],
  "resistor_0": [
    [
      443,
      288,
      503,
      338
    ]
  ],
  "resistor_180": [],
  "resistor_270": [
    [
      170,
      291,
      221,
      347
    ]
  ],
  "resistor_90": [],
  "vdd_0": [
    [
      36,
      222,
      71,
      282
    ],
    [
      36,
      282,
      71,
      342
    ],
    [
      36,
      342,
      71,
      402
    ],
    [
      36,
      405,
      71,
      465
    ],
    [
      463,
      39,
      498,
      99
    ]
  ],
  "voltage-lines_0": [],
  "voltage-mirror_0": [],
  "voltage_0": []
}