{
  "capacitor_0": [],
  "capacitor_180": [],
  "capacitor_270": [],
  "capacitor_90": [],
  "current-arrow_0": [],
  "current-arrow_180": [],
  "current-arrow_270": [],
  "current-arrow_90": [],
  "current_0": [],
  "current_180": [],
  "current_270": [],
  "current_90": [],
  "gnd_0": [
    [
      669,
      382,
      708,
      420
    ]
  ],
  "gnd_180": [],
  "gnd_270": [],
  "gnd_90": [],
  "inductor_0": [],
  "inductor_180": [],
  "inductor_270": [],
  "inductor_90": [],
  "net-black_100": [
    [
      556,
      264,
      587,
      295
    ]
  ],
  "net-black_10": [],
  "net-black_1111": [],
  "net-black_111": [
    [
      129,
      386,
      159,
      416
    ],
    [
      464,
      386,
      494,
      416
    ]
  ],
  "net-black_120": [],
  "net-black_181": [],
  "net-black_190": [],
  "net-black_1": [],
  "net-black_201": [],
  "net-black_210": [],
  "net-black_21": [
    [
      189,
      386,
      219,
      416
    ]
  ],
  "net-black_271": [],
  "net-black_280": [],
  "net-black_291": [
    [
      189,
      539,
      219,
      569
    ],
    [
      312,
      538,
      342,
      568
    ]
  ],
  "net-black_300": [],
  "net-black_30": [
    [
      190,
      234,
      220,
      264
    ],
    [
      312,
      234,
      342,
      264
    ]
  ],
  "net-black_91": [],
  "net-white_100": [
    [
      312,
      325,
      342,
      355
    ],
    [
      404,
      661,
      434,
      691
    ]
  ],
  "net-white_10": [],
  "net-white_181": [],
  "net-white_190": [],
  "net-white_1": [],
  "net-white_271": [],
  "net-white_280": [
    [
      311,
      447,
      343,
      479
    ],
    [
      403,
      111,
      435,
      143
    ]
  ],
  "net-white_91": [],
  "nmos-cross_0": [],
  "nmos-cross_180": [],
  "nmos-cross_270": [],
  "nmos-cross_90": [],
  "nmos-mirror-cross_0": [],
  "nmos-mirror-cross_180": [],
  "nmos-mirror-cross_270": [],
  "nmos-mirror-cross_90": [],
  "nmos-mirror_0": [
    [
      385,
      551,
      454,
      615
    ]
  ],
  "nmos-mirror_180": [],
  "nmos-mirror_270": [],
  "nmos-mirror_90": [],
  "nmos_0": [
    [
      382,
      186,
      455,
      257
    ],
    [
      535,
      338,
      608,
      409
    ]
  ],
  "nmos_180": [],
  "nmos_270": [],
  "nmos_90": [],
  "pmos-cross_0": [],
  "pmos-cross_180": [],
  "pmos-cross_270": [],
  "pmos-cross_90": [],
  "pmos-mirror_0": [
    [
      109,
      242,
      182,
      313
    ]
  ],
  "pmos-mirror_180": [],
  "pmos-mirror_270": [],
  "pmos-mirror_90": [],
  "pmos_0": [
    [
      111,
      493,
      180,
      557
    ]
  ],
  "pmos_180": [],
  "pmos_270": [],
  "pmos_90": [],
  "resistor_0": [],
  "resistor_180": [],
  "resistor_270": [],
  "resistor_90": [
    [
      180,
      316,
      231,
      372
    ],
    [
      180,
      438,
      231,
      494
    ]
  ],
  "vdd_0": [
    [
      47,
      219,
      82,
      279
    ],
    [
      47,
      279,
      82,
      339
    ],
    [
      47,
      339,
      82,
      399
    ],
    [
      47,
      399,
      82,
      459
    ],
    [
      47,
      459,
      82,
      519
    ],
    [
      47,
      523,
      82,
      583
    ]
  ],
  "voltage-lines_0": [],
  "voltage-mirror_0": [],
  "voltage_0": []
}