{
  "capacitor_0": [
    [
      308,
      595,
      344,
      656
    ]
  ],
  "capacitor_180": [
    [
      308,
      259,
      344,
      320
    ]
  ],
  "capacitor_270": [],
  "capacitor_90": [],
  "current-arrow_0": [],
  "current-arrow_180": [],
  "current-arrow_270": [],
  "current-arrow_90": [],
  "current_0": [],
  "current_180": [],
  "current_270": [],
  "current_90": [],
  "gnd_0": [
    [
      390,
      148,
      429,
      186
    ],
    [
      390,
      270,
      429,
      308
    ],
    [
      390,
      484,
      429,
      522
    ],
    [
      390,
      606,
      429,
      644
    ]
  ],
  "gnd_180": [],
  "gnd_270": [],
  "gnd_90": [],
  "inductor_0": [],
  "inductor_180": [],
  "inductor_270": [],
  "inductor_90": [],
  "net-black_100": [],
  "net-black_10": [],
  "net-black_1111": [],
  "net-black_111": [
    [
      216,
      853,
      246,
      883
    ]
  ],
  "net-black_120": [
    [
      215,
      275,
      245,
      305
    ],
    [
      215,
      610,
      245,
      640
    ]
  ],
  "net-black_181": [],
  "net-black_190": [],
  "net-black_1": [],
  "net-black_201": [],
  "net-black_210": [],
  "net-black_21": [],
  "net-black_271": [],
  "net-black_280": [],
  "net-black_291": [],
  "net-black_300": [],
  "net-black_30": [
    [
      216,
      152,
      246,
      182
    ],
    [
      216,
      487,
      246,
      517
    ]
  ],
  "net-black_91": [],
  "net-white_100": [
    [
      216,
      914,
      246,
      944
    ]
  ],
  "net-white_10": [],
  "net-white_181": [],
  "net-white_190": [],
  "net-white_1": [],
  "net-white_271": [],
  "net-white_280": [],
  "net-white_91": [],
  "nmos-cross_0": [],
  "nmos-cross_180": [],
  "nmos-cross_270": [],
  "nmos-cross_90": [],
  "nmos-mirror-cross_0": [],
  "nmos-mirror-cross_180": [],
  "nmos-mirror-cross_270": [],
  "nmos-mirror-cross_90": [],
  "nmos-mirror_0": [],
  "nmos-mirror_180": [],
  "nmos-mirror_270": [],
  "nmos-mirror_90": [],
  "nmos_0": [
    [
      256,
      105,
      329,
      176
    ],
    [
      256,
      440,
      329,
      511
    ]
  ],
  "nmos_180": [],
  "nmos_270": [],
  "nmos_90": [],
  "pmos-cross_0": [],
  "pmos-cross_180": [],
  "pmos-cross_270": [],
  "pmos-cross_90": [],
  "pmos-mirror_0": [],
  "pmos-mirror_180": [],
  "pmos-mirror_270": [],
  "pmos-mirror_90": [],
  "pmos_0": [],
  "pmos_180": [],
  "pmos_270": [],
  "pmos_90": [],
  "resistor_0": [],
  "resistor_180": [
    [
      109,
      143,
      169,
      193
    ],
    [
      109,
      478,
      169,
      528
    ]
  ],
  "resistor_270": [],
  "resistor_90": [],
  "vdd_0": [
    [
      42,
      138,
      77,
      198
    ],
    [
      42,
      198,
      77,
      258
    ],
    [
      42,
      258,
      77,
      318
    ],
    [
      42,
      318,
      77,
      378
    ],
    [
      42,
      378,
      77,
      438
    ],
    [
      42,
      472,
      77,
      532
    ]
  ],
  "voltage-lines_0": [],
  "voltage-mirror_0": [],
  "voltage_0": []
}