{
  "capacitor_0": [],
  "capacitor_180": [
    [
      275,
      503,
      311,
      564
    ]
  ],
  "capacitor_270": [],
  "capacitor_90": [],
  "current-arrow_0": [
    [
      523,
      622,
      592,
      690
    ]
  ],
  "current-arrow_180": [
    [
      371,
      73,
      440,
      141
    ]
  ],
  "current-arrow_270": [],
  "current-arrow_90": [],
  "current_0": [],
  "current_180": [],
  "current_270": [],
  "current_90": [],
  "gnd_0": [
    [
      388,
      301,
      427,
      339
    ],
    [
      480,
      87,
      519,
      125
    ],
    [
      632,
      637,
      671,
      675
    ]
  ],
  "gnd_180": [],
  "gnd_270": [],
  "gnd_90": [],
  "inductor_0": [],
  "inductor_180": [],
  "inductor_270": [],
  "inductor_90": [],
  "net-black_100": [],
  "net-black_10": [],
  "net-black_1111": [
    [
      458,
      640,
      488,
      670
    ]
  ],
  "net-black_111": [
    [
      214,
      518,
      244,
      548
    ]
  ],
  "net-black_120": [
    [
      305,
      183,
      335,
      213
    ]
  ],
  "net-black_181": [],
  "net-black_190": [],
  "net-black_1": [],
  "net-black_201": [],
  "net-black_210": [],
  "net-black_21": [],
  "net-black_271": [],
  "net-black_280": [],
  "net-black_291": [
    [
      335,
      640,
      365,
      670
    ]
  ],
  "net-black_300": [],
  "net-black_30": [
    [
      213,
      305,
      243,
      335
    ]
  ],
  "net-black_91": [],
  "net-white_100": [
    [
      458,
      732,
      488,
      762
    ]
  ],
  "net-white_10": [],
  "net-white_181": [],
  "net-white_190": [],
  "net-white_1": [],
  "net-white_271": [],
  "net-white_280": [],
  "net-white_91": [],
  "nmos-cross_0": [],
  "nmos-cross_180": [],
  "nmos-cross_270": [],
  "nmos-cross_90": [],
  "nmos-mirror-cross_0": [],
  "nmos-mirror-cross_180": [],
  "nmos-mirror-cross_270": [],
  "nmos-mirror-cross_90": [],
  "nmos-mirror_0": [],
  "nmos-mirror_180": [],
  "nmos-mirror_270": [],
  "nmos-mirror_90": [],
  "nmos_0": [
    [
      192,
      593,
      265,
      664
    ],
    [
      284,
      257,
      357,
      328
    ]
  ],
  "nmos_180": [],
  "nmos_270": [],
  "nmos_90": [],
  "pmos-cross_0": [],
  "pmos-cross_180": [],
  "pmos-cross_270": [],
  "pmos-cross_90": [],
  "pmos-mirror_0": [],
  "pmos-mirror_180": [],
  "pmos-mirror_270": [],
  "pmos-mirror_90": [],
  "pmos_0": [],
  "pmos_180": [],
  "pmos_270": [],
  "pmos_90": [],
  "resistor_0": [],
  "resistor_180": [
    [
      107,
      295,
      167,
      345
    ]
  ],
  "resistor_270": [
    [
      449,
      298,
      500,
      354
    ]
  ],
  "resistor_90": [],
  "vdd_0": [
    [
      40,
      290,
      75,
      350
    ],
    [
      40,
      350,
      75,
      410
    ],
    [
      40,
      410,
      75,
      470
    ],
    [
      40,
      470,
      75,
      530
    ],
    [
      40,
      530,
      75,
      590
    ],
    [
      40,
      625,
      75,
      685
    ]
  ],
  "voltage-lines_0": [],
  "voltage-mirror_0": [],
  "voltage_0": []
}