{
  "capacitor_0": [],
  "capacitor_180": [],
  "capacitor_270": [],
  "capacitor_90": [],
  "current-arrow_0": [],
  "current-arrow_180": [],
  "current-arrow_270": [],
  "current-arrow_90": [],
  "current_0": [],
  "current_180": [],
  "current_270": [],
  "current_90": [],
  "gnd_0": [
    [
      390,
      477,
      429,
      515
    ],
    [
      634,
      203,
      673,
      241
    ]
  ],
  "gnd_180": [],
  "gnd_270": [],
  "gnd_90": [],
  "inductor_0": [],
  "inductor_180": [],
  "inductor_270": [],
  "inductor_90": [],
  "net-black_100": [],
  "net-black_10": [],
  "net-black_1111": [
    [
      215,
      481,
      245,
      511
    ]
  ],
  "net-black_111": [
    [
      216,
      573,
      246,
      603
    ]
  ],
  "net-black_120": [],
  "net-black_181": [],
  "net-black_190": [],
  "net-black_1": [],
  "net-black_201": [],
  "net-black_210": [],
  "net-black_21": [
    [
      306,
      329,
      336,
      359
    ]
  ],
  "net-black_271": [],
  "net-black_280": [],
  "net-black_291": [],
  "net-black_300": [],
  "net-black_30": [
    [
      307,
      207,
      337,
      237
    ],
    [
      459,
      207,
      489,
      237
    ]
  ],
  "net-black_91": [],
  "net-white_100": [
    [
      215,
      664,
      245,
      694
    ]
  ],
  "net-white_10": [],
  "net-white_181": [],
  "net-white_190": [],
  "net-white_1": [],
  "net-white_271": [],
  "net-white_280": [
    [
      367,
      86,
      397,
      116
    ]
  ],
  "net-white_91": [],
  "nmos-cross_0": [],
  "nmos-cross_180": [],
  "nmos-cross_270": [],
  "nmos-cross_90": [],
  "nmos-mirror-cross_0": [],
  "nmos-mirror-cross_180": [],
  "nmos-mirror-cross_270": [],
  "nmos-mirror-cross_90": [],
  "nmos-mirror_0": [],
  "nmos-mirror_180": [],
  "nmos-mirror_270": [],
  "nmos-mirror_90": [],
  "nmos_0": [
    [
      286,
      434,
      359,
      505
    ],
    [
      347,
      160,
      420,
      231
    ]
  ],
  "nmos_180": [],
  "nmos_270": [],
  "nmos_90": [],
  "pmos-cross_0": [],
  "pmos-cross_180": [],
  "pmos-cross_270": [],
  "pmos-cross_90": [],
  "pmos-mirror_0": [],
  "pmos-mirror_180": [],
  "pmos-mirror_270": [],
  "pmos-mirror_90": [],
  "pmos_0": [],
  "pmos_180": [],
  "pmos_270": [],
  "pmos_90": [],
  "resistor_0": [
    [
      175,
      198,
      235,
      248
    ]
  ],
  "resistor_180": [
    [
      109,
      472,
      169,
      522
    ],
    [
      536,
      198,
      596,
      248
    ]
  ],
  "resistor_270": [
    [
      206,
      383,
      257,
      439
    ],
    [
      450,
      383,
      501,
      439
    ]
  ],
  "resistor_90": [],
  "vdd_0": [
    [
      42,
      192,
      77,
      252
    ],
    [
      42,
      252,
      77,
      312
    ],
    [
      42,
      312,
      77,
      372
    ],
    [
      42,
      372,
      77,
      432
    ],
    [
      42,
      466,
      77,
      526
    ]
  ],
  "voltage-lines_0": [],
  "voltage-mirror_0": [],
  "voltage_0": []
}