{
  "capacitor_0": [],
  "capacitor_180": [
    [
      525,
      85,
      561,
      146
    ],
    [
      525,
      725,
      561,
      786
    ]
  ],
  "capacitor_270": [],
  "capacitor_90": [],
  "current-arrow_0": [
    [
      802,
      417,
      871,
      485
    ]
  ],
  "current-arrow_180": [],
  "current-arrow_270": [],
  "current-arrow_90": [],
  "current_0": [
    [
      257,
      620,
      304,
      648
    ],
    [
      258,
      315,
      305,
      343
    ]
  ],
  "current_180": [],
  "current_270": [],
  "current_90": [],
  "gnd_0": [
    [
      607,
      96,
      646,
      134
    ],
    [
      607,
      737,
      646,
      775
    ],
    [
      912,
      431,
      951,
      469
    ]
  ],
  "gnd_180": [],
  "gnd_270": [],
  "gnd_90": [],
  "inductor_0": [],
  "inductor_180": [],
  "inductor_270": [],
  "inductor_90": [],
  "net-black_100": [],
  "net-black_10": [],
  "net-black_1111": [
    [
      463,
      283,
      493,
      313
    ],
    [
      463,
      588,
      493,
      618
    ]
  ],
  "net-black_111": [
    [
      738,
      435,
      768,
      465
    ]
  ],
  "net-black_120": [],
  "net-black_181": [],
  "net-black_190": [],
  "net-black_1": [],
  "net-black_201": [],
  "net-black_210": [],
  "net-black_21": [],
  "net-black_271": [],
  "net-black_280": [],
  "net-black_291": [],
  "net-black_300": [],
  "net-black_30": [],
  "net-black_91": [],
  "net-white_100": [
    [
      463,
      375,
      493,
      405
    ]
  ],
  "net-white_10": [],
  "net-white_181": [],
  "net-white_190": [],
  "net-white_1": [],
  "net-white_271": [],
  "net-white_280": [
    [
      462,
      495,
      494,
      527
    ],
    [
      768,
      132,
      798,
      162
    ]
  ],
  "net-white_91": [],
  "nmos-cross_0": [
    [
      534,
      235,
      606,
      306
    ]
  ],
  "nmos-cross_180": [],
  "nmos-cross_270": [],
  "nmos-cross_90": [],
  "nmos-mirror-cross_0": [],
  "nmos-mirror-cross_180": [],
  "nmos-mirror-cross_270": [],
  "nmos-mirror-cross_90": [],
  "nmos-mirror_0": [
    [
      658,
      601,
      727,
      665
    ]
  ],
  "nmos-mirror_180": [],
  "nmos-mirror_270": [],
  "nmos-mirror_90": [],
  "nmos_0": [
    [
      534,
      540,
      607,
      611
    ],
    [
      656,
      236,
      729,
      307
    ]
  ],
  "nmos_180": [],
  "nmos_270": [],
  "nmos_90": [],
  "pmos-cross_0": [
    [
      110,
      238,
      179,
      302
    ],
    [
      293,
      238,
      362,
      302
    ]
  ],
  "pmos-cross_180": [],
  "pmos-cross_270": [],
  "pmos-cross_90": [],
  "pmos-mirror_0": [],
  "pmos-mirror_180": [],
  "pmos-mirror_270": [],
  "pmos-mirror_90": [],
  "pmos_0": [
    [
      110,
      543,
      179,
      607
    ],
    [
      293,
      543,
      362,
      607
    ]
  ],
  "pmos_180": [],
  "pmos_270": [],
  "pmos_90": [],
  "resistor_0": [],
  "resistor_180": [],
  "resistor_270": [],
  "resistor_90": [],
  "vdd_0": [
    [
      46,
      349,
      81,
      409
    ],
    [
      46,
      409,
      81,
      469
    ],
    [
      46,
      573,
      81,
      633
    ]
  ],
  "voltage-lines_0": [],
  "voltage-mirror_0": [],
  "voltage_0": []
}