{
  "capacitor_0": [],
  "capacitor_180": [
    [
      336,
      72,
      372,
      133
    ],
    [
      550,
      72,
      586,
      133
    ]
  ],
  "capacitor_270": [],
  "capacitor_90": [],
  "current-arrow_0": [],
  "current-arrow_180": [],
  "current-arrow_270": [],
  "current-arrow_90": [],
  "current_0": [],
  "current_180": [],
  "current_270": [],
  "current_90": [
    [
      398,
      525,
      426,
      572
    ],
    [
      429,
      436,
      457,
      483
    ]
  ],
  "gnd_0": [
    [
      571,
      328,
      610,
      366
    ],
    [
      571,
      633,
      610,
      671
    ],
    [
      632,
      84,
      671,
      122
    ]
  ],
  "gnd_180": [],
  "gnd_270": [],
  "gnd_90": [],
  "inductor_0": [],
  "inductor_180": [],
  "inductor_270": [],
  "inductor_90": [],
  "net-black_100": [
    [
      305,
      210,
      336,
      241
    ]
  ],
  "net-black_10": [],
  "net-black_1111": [
    [
      213,
      331,
      243,
      361
    ]
  ],
  "net-black_111": [
    [
      396,
      333,
      426,
      363
    ]
  ],
  "net-black_120": [],
  "net-black_181": [],
  "net-black_190": [],
  "net-black_1": [],
  "net-black_201": [],
  "net-black_210": [],
  "net-black_21": [],
  "net-black_271": [],
  "net-black_280": [],
  "net-black_291": [],
  "net-black_300": [],
  "net-black_30": [
    [
      488,
      87,
      518,
      117
    ]
  ],
  "net-black_91": [],
  "net-white_100": [
    [
      213,
      423,
      243,
      453
    ]
  ],
  "net-white_10": [],
  "net-white_181": [],
  "net-white_190": [],
  "net-white_1": [],
  "net-white_271": [],
  "net-white_280": [],
  "net-white_91": [],
  "nmos-cross_0": [],
  "nmos-cross_180": [],
  "nmos-cross_270": [],
  "nmos-cross_90": [],
  "nmos-mirror-cross_0": [],
  "nmos-mirror-cross_180": [],
  "nmos-mirror-cross_270": [],
  "nmos-mirror-cross_90": [],
  "nmos-mirror_0": [],
  "nmos-mirror_180": [],
  "nmos-mirror_270": [],
  "nmos-mirror_90": [],
  "nmos_0": [
    [
      284,
      284,
      357,
      355
    ],
    [
      467,
      284,
      540,
      355
    ]
  ],
  "nmos_180": [],
  "nmos_270": [],
  "nmos_90": [],
  "pmos-cross_0": [],
  "pmos-cross_180": [],
  "pmos-cross_270": [],
  "pmos-cross_90": [],
  "pmos-mirror_0": [],
  "pmos-mirror_180": [],
  "pmos-mirror_270": [],
  "pmos-mirror_90": [],
  "pmos_0": [],
  "pmos_180": [],
  "pmos_270": [],
  "pmos_90": [],
  "resistor_0": [],
  "resistor_180": [
    [
      107,
      322,
      167,
      372
    ]
  ],
  "resistor_270": [],
  "resistor_90": [],
  "vdd_0": [
    [
      41,
      314,
      76,
      380
    ]
  ],
  "voltage-lines_0": [],
  "voltage-mirror_0": [],
  "voltage_0": [
    [
      458,
      618,
      548,
      699
    ]
  ]
}