{
  "capacitor_0": [],
  "capacitor_180": [],
  "capacitor_270": [],
  "capacitor_90": [],
  "current-arrow_0": [],
  "current-arrow_180": [],
  "current-arrow_270": [],
  "current-arrow_90": [],
  "current_0": [],
  "current_180": [],
  "current_270": [],
  "current_90": [],
  "gnd_0": [
    [
      783,
      758,
      822,
      796
    ],
    [
      905,
      239,
      944,
      277
    ],
    [
      905,
      1216,
      944,
      1254
    ]
  ],
  "gnd_180": [],
  "gnd_270": [],
  "gnd_90": [],
  "inductor_0": [],
  "inductor_180": [],
  "inductor_270": [],
  "inductor_90": [],
  "net-black_100": [
    [
      119,
      487,
      150,
      518
    ],
    [
      425,
      487,
      456,
      518
    ],
    [
      699,
      670,
      730,
      701
    ]
  ],
  "net-black_10": [],
  "net-black_1111": [],
  "net-black_111": [],
  "net-black_120": [
    [
      638,
      762,
      668,
      792
    ]
  ],
  "net-black_181": [],
  "net-black_190": [],
  "net-black_1": [],
  "net-black_201": [],
  "net-black_210": [],
  "net-black_21": [
    [
      271,
      762,
      301,
      792
    ],
    [
      821,
      579,
      851,
      609
    ],
    [
      821,
      945,
      851,
      975
    ]
  ],
  "net-black_271": [],
  "net-black_280": [],
  "net-black_291": [
    [
      241,
      762,
      271,
      792
    ],
    [
      363,
      610,
      393,
      640
    ],
    [
      455,
      243,
      485,
      273
    ],
    [
      699,
      1220,
      729,
      1250
    ]
  ],
  "net-black_300": [],
  "net-black_30": [
    [
      364,
      914,
      394,
      944
    ],
    [
      455,
      1220,
      485,
      1250
    ],
    [
      699,
      243,
      729,
      273
    ]
  ],
  "net-black_91": [],
  "net-white_100": [
    [
      455,
      1311,
      485,
      1341
    ],
    [
      578,
      1037,
      608,
      1067
    ]
  ],
  "net-white_10": [],
  "net-white_181": [],
  "net-white_190": [],
  "net-white_1": [],
  "net-white_271": [],
  "net-white_280": [
    [
      455,
      152,
      485,
      182
    ],
    [
      577,
      488,
      607,
      518
    ]
  ],
  "net-white_91": [],
  "nmos-cross_0": [
    [
      404,
      561,
      476,
      632
    ]
  ],
  "nmos-cross_180": [],
  "nmos-cross_270": [],
  "nmos-cross_90": [],
  "nmos-mirror-cross_0": [],
  "nmos-mirror-cross_180": [],
  "nmos-mirror-cross_270": [],
  "nmos-mirror-cross_90": [],
  "nmos-mirror_0": [
    [
      559,
      927,
      628,
      991
    ],
    [
      803,
      256,
      872,
      320
    ]
  ],
  "nmos-mirror_180": [],
  "nmos-mirror_270": [],
  "nmos-mirror_90": [],
  "nmos_0": [
    [
      404,
      867,
      477,
      938
    ],
    [
      556,
      562,
      629,
      633
    ],
    [
      678,
      714,
      751,
      785
    ],
    [
      801,
      1172,
      874,
      1243
    ]
  ],
  "nmos_180": [],
  "nmos_270": [],
  "nmos_90": [],
  "pmos-cross_0": [
    [
      102,
      564,
      171,
      628
    ]
  ],
  "pmos-cross_180": [],
  "pmos-cross_270": [],
  "pmos-cross_90": [],
  "pmos-mirror_0": [
    [
      191,
      251,
      264,
      322
    ],
    [
      252,
      617,
      325,
      688
    ]
  ],
  "pmos-mirror_180": [],
  "pmos-mirror_270": [],
  "pmos-mirror_90": [],
  "pmos_0": [
    [
      102,
      869,
      171,
      933
    ],
    [
      193,
      1175,
      262,
      1239
    ],
    [
      254,
      869,
      323,
      933
    ]
  ],
  "pmos_180": [],
  "pmos_270": [],
  "pmos_90": [],
  "resistor_0": [],
  "resistor_180": [],
  "resistor_270": [],
  "resistor_90": [
    [
      689,
      1058,
      740,
      1114
    ],
    [
      690,
      417,
      741,
      473
    ]
  ],
  "vdd_0": [
    [
      39,
      226,
      74,
      292
    ],
    [
      39,
      592,
      74,
      658
    ],
    [
      39,
      897,
      74,
      963
    ],
    [
      39,
      1202,
      74,
      1268
    ]
  ],
  "voltage-lines_0": [],
  "voltage-mirror_0": [],
  "voltage_0": []
}