{
  "capacitor_0": [],
  "capacitor_180": [
    [
      441,
      481,
      477,
      542
    ],
    [
      441,
      694,
      477,
      755
    ]
  ],
  "capacitor_270": [],
  "capacitor_90": [],
  "current-arrow_0": [],
  "current-arrow_180": [],
  "current-arrow_270": [],
  "current-arrow_90": [],
  "current_0": [],
  "current_180": [],
  "current_270": [],
  "current_90": [],
  "gnd_0": [
    [
      523,
      248,
      562,
      286
    ],
    [
      523,
      400,
      562,
      438
    ],
    [
      523,
      492,
      562,
      530
    ],
    [
      523,
      706,
      562,
      744
    ],
    [
      523,
      797,
      562,
      835
    ],
    [
      523,
      950,
      562,
      988
    ]
  ],
  "gnd_180": [],
  "gnd_270": [],
  "gnd_90": [],
  "inductor_0": [],
  "inductor_180": [],
  "inductor_270": [],
  "inductor_90": [],
  "net-black_100": [],
  "net-black_10": [],
  "net-black_1111": [],
  "net-black_111": [],
  "net-black_120": [
    [
      135,
      313,
      165,
      343
    ],
    [
      135,
      893,
      165,
      923
    ]
  ],
  "net-black_181": [],
  "net-black_190": [],
  "net-black_1": [],
  "net-black_201": [
    [
      379,
      802,
      409,
      832
    ]
  ],
  "net-black_210": [],
  "net-black_21": [],
  "net-black_271": [],
  "net-black_280": [],
  "net-black_291": [
    [
      196,
      985,
      226,
      1015
    ]
  ],
  "net-black_300": [],
  "net-black_30": [
    [
      196,
      221,
      226,
      251
    ],
    [
      379,
      404,
      409,
      434
    ]
  ],
  "net-black_91": [],
  "net-white_100": [
    [
      440,
      1076,
      470,
      1106
    ]
  ],
  "net-white_10": [],
  "net-white_181": [],
  "net-white_190": [],
  "net-white_1": [],
  "net-white_271": [],
  "net-white_280": [
    [
      440,
      130,
      470,
      160
    ]
  ],
  "net-white_91": [],
  "nmos-cross_0": [
    [
      419,
      203,
      491,
      274
    ]
  ],
  "nmos-cross_180": [],
  "nmos-cross_270": [],
  "nmos-cross_90": [],
  "nmos-mirror-cross_0": [
    [
      421,
      966,
      490,
      1030
    ]
  ],
  "nmos-mirror-cross_180": [],
  "nmos-mirror-cross_270": [],
  "nmos-mirror-cross_90": [],
  "nmos-mirror_0": [
    [
      421,
      814,
      490,
      878
    ]
  ],
  "nmos-mirror_180": [],
  "nmos-mirror_270": [],
  "nmos-mirror_90": [],
  "nmos_0": [
    [
      419,
      357,
      492,
      428
    ]
  ],
  "nmos_180": [],
  "nmos_270": [],
  "nmos_90": [],
  "pmos-cross_0": [],
  "pmos-cross_180": [],
  "pmos-cross_270": [],
  "pmos-cross_90": [],
  "pmos-mirror_0": [
    [
      115,
      229,
      188,
      300
    ],
    [
      115,
      809,
      188,
      880
    ]
  ],
  "pmos-mirror_180": [],
  "pmos-mirror_270": [],
  "pmos-mirror_90": [],
  "pmos_0": [
    [
      117,
      359,
      186,
      423
    ],
    [
      117,
      939,
      186,
      1003
    ]
  ],
  "pmos_180": [],
  "pmos_270": [],
  "pmos_90": [],
  "resistor_0": [],
  "resistor_180": [],
  "resistor_270": [],
  "resistor_90": [],
  "vdd_0": [
    [
      53,
      206,
      88,
      266
    ],
    [
      53,
      266,
      88,
      326
    ],
    [
      53,
      326,
      88,
      386
    ],
    [
      53,
      389,
      88,
      449
    ],
    [
      53,
      449,
      88,
      509
    ],
    [
      53,
      509,
      88,
      569
    ],
    [
      53,
      569,
      88,
      629
    ],
    [
      53,
      629,
      88,
      689
    ],
    [
      53,
      689,
      88,
      749
    ],
    [
      53,
      786,
      88,
      846
    ],
    [
      53,
      846,
      88,
      906
    ],
    [
      53,
      906,
      88,
      966
    ],
    [
      53,
      969,
      88,
      1029
    ]
  ],
  "voltage-lines_0": [],
  "voltage-mirror_0": [],
  "voltage_0": []
}