{
  "capacitor_0": [],
  "capacitor_180": [
    [
      489,
      473,
      525,
      534
    ]
  ],
  "capacitor_270": [],
  "capacitor_90": [
    [
      383,
      282,
      444,
      318
    ]
  ],
  "current-arrow_0": [],
  "current-arrow_180": [
    [
      493,
      135,
      562,
      203
    ]
  ],
  "current-arrow_270": [],
  "current-arrow_90": [],
  "current_0": [],
  "current_180": [],
  "current_270": [],
  "current_90": [],
  "gnd_0": [
    [
      571,
      393,
      610,
      431
    ],
    [
      571,
      484,
      610,
      522
    ],
    [
      602,
      149,
      641,
      187
    ]
  ],
  "gnd_180": [
    [
      30,
      150,
      69,
      188
    ],
    [
      122,
      394,
      161,
      432
    ]
  ],
  "gnd_270": [],
  "gnd_90": [
    [
      302,
      12,
      340,
      51
    ]
  ],
  "inductor_0": [],
  "inductor_180": [],
  "inductor_270": [],
  "inductor_90": [],
  "net-black_100": [],
  "net-black_10": [],
  "net-black_1111": [],
  "net-black_111": [
    [
      397,
      488,
      427,
      518
    ]
  ],
  "net-black_120": [],
  "net-black_181": [],
  "net-black_190": [],
  "net-black_1": [],
  "net-black_201": [],
  "net-black_210": [],
  "net-black_21": [
    [
      396,
      397,
      426,
      427
    ]
  ],
  "net-black_271": [],
  "net-black_280": [],
  "net-black_291": [],
  "net-black_300": [],
  "net-black_30": [
    [
      244,
      153,
      274,
      183
    ],
    [
      397,
      153,
      427,
      183
    ]
  ],
  "net-black_91": [],
  "net-white_100": [
    [
      397,
      549,
      427,
      579
    ]
  ],
  "net-white_10": [],
  "net-white_181": [],
  "net-white_190": [],
  "net-white_1": [],
  "net-white_271": [],
  "net-white_280": [],
  "net-white_91": [],
  "nmos-cross_0": [],
  "nmos-cross_180": [],
  "nmos-cross_270": [],
  "nmos-cross_90": [],
  "nmos-mirror-cross_0": [],
  "nmos-mirror-cross_180": [],
  "nmos-mirror-cross_270": [],
  "nmos-mirror-cross_90": [],
  "nmos-mirror_0": [],
  "nmos-mirror_180": [],
  "nmos-mirror_270": [],
  "nmos-mirror_90": [],
  "nmos_0": [
    [
      284,
      105,
      357,
      176
    ]
  ],
  "nmos_180": [],
  "nmos_270": [],
  "nmos_90": [],
  "pmos-cross_0": [],
  "pmos-cross_180": [],
  "pmos-cross_270": [],
  "pmos-cross_90": [],
  "pmos-mirror_0": [],
  "pmos-mirror_180": [],
  "pmos-mirror_270": [],
  "pmos-mirror_90": [],
  "pmos_0": [
    [
      227,
      352,
      296,
      416
    ]
  ],
  "pmos_180": [],
  "pmos_270": [],
  "pmos_90": [],
  "resistor_0": [
    [
      112,
      144,
      172,
      194
    ],
    [
      478,
      388,
      538,
      438
    ]
  ],
  "resistor_180": [],
  "resistor_270": [],
  "resistor_90": [],
  "vdd_0": [],
  "voltage-lines_0": [],
  "voltage-mirror_0": [],
  "voltage_0": []
}