{
  "capacitor_0": [],
  "capacitor_180": [
    [
      420,
      614,
      456,
      675
    ]
  ],
  "capacitor_270": [],
  "capacitor_90": [
    [
      313,
      374,
      374,
      410
    ]
  ],
  "current-arrow_0": [
    [
      240,
      153,
      309,
      221
    ],
    [
      484,
      276,
      553,
      344
    ]
  ],
  "current-arrow_180": [],
  "current-arrow_270": [],
  "current-arrow_90": [],
  "current_0": [
    [
      244,
      478,
      291,
      506
    ]
  ],
  "current_180": [],
  "current_270": [],
  "current_90": [],
  "gnd_0": [
    [
      349,
      168,
      388,
      206
    ],
    [
      502,
      473,
      541,
      511
    ],
    [
      502,
      625,
      541,
      663
    ],
    [
      594,
      290,
      633,
      328
    ]
  ],
  "gnd_180": [],
  "gnd_270": [],
  "gnd_90": [],
  "inductor_0": [],
  "inductor_180": [],
  "inductor_270": [],
  "inductor_90": [],
  "net-black_100": [],
  "net-black_10": [],
  "net-black_1111": [
    [
      327,
      476,
      357,
      506
    ]
  ],
  "net-black_111": [
    [
      114,
      263,
      144,
      293
    ]
  ],
  "net-black_120": [
    [
      327,
      630,
      357,
      660
    ]
  ],
  "net-black_181": [],
  "net-black_190": [],
  "net-black_1": [],
  "net-black_201": [],
  "net-black_210": [],
  "net-black_21": [],
  "net-black_271": [],
  "net-black_280": [],
  "net-black_291": [],
  "net-black_300": [],
  "net-black_30": [
    [
      175,
      172,
      205,
      202
    ],
    [
      419,
      294,
      449,
      324
    ]
  ],
  "net-black_91": [],
  "net-white_100": [
    [
      327,
      721,
      357,
      751
    ]
  ],
  "net-white_10": [],
  "net-white_181": [],
  "net-white_190": [],
  "net-white_1": [],
  "net-white_271": [],
  "net-white_280": [],
  "net-white_91": [],
  "nmos-cross_0": [],
  "nmos-cross_180": [],
  "nmos-cross_270": [],
  "nmos-cross_90": [],
  "nmos-mirror-cross_0": [],
  "nmos-mirror-cross_180": [],
  "nmos-mirror-cross_270": [],
  "nmos-mirror-cross_90": [],
  "nmos-mirror_0": [],
  "nmos-mirror_180": [],
  "nmos-mirror_270": [],
  "nmos-mirror_90": [],
  "nmos_0": [
    [
      398,
      429,
      471,
      500
    ]
  ],
  "nmos_180": [],
  "nmos_270": [],
  "nmos_90": [],
  "pmos-cross_0": [],
  "pmos-cross_180": [],
  "pmos-cross_270": [],
  "pmos-cross_90": [],
  "pmos-mirror_0": [
    [
      94,
      180,
      167,
      251
    ]
  ],
  "pmos-mirror_180": [],
  "pmos-mirror_270": [],
  "pmos-mirror_90": [],
  "pmos_0": [
    [
      96,
      431,
      165,
      495
    ]
  ],
  "pmos_180": [],
  "pmos_270": [],
  "pmos_90": [],
  "resistor_0": [],
  "resistor_180": [],
  "resistor_270": [],
  "resistor_90": [],
  "vdd_0": [
    [
      33,
      155,
      68,
      221
    ],
    [
      33,
      459,
      68,
      525
    ]
  ],
  "voltage-lines_0": [],
  "voltage-mirror_0": [],
  "voltage_0": []
}