{
  "capacitor_0": [],
  "capacitor_180": [],
  "capacitor_270": [],
  "capacitor_90": [],
  "current-arrow_0": [
    [
      649,
      291,
      718,
      359
    ]
  ],
  "current-arrow_180": [],
  "current-arrow_270": [],
  "current-arrow_90": [],
  "current_0": [],
  "current_180": [],
  "current_270": [],
  "current_90": [],
  "gnd_0": [
    [
      758,
      305,
      797,
      343
    ]
  ],
  "gnd_180": [],
  "gnd_270": [],
  "gnd_90": [],
  "inductor_0": [],
  "inductor_180": [],
  "inductor_270": [],
  "inductor_90": [],
  "net-black_100": [],
  "net-black_10": [],
  "net-black_1111": [],
  "net-black_111": [
    [
      584,
      309,
      614,
      339
    ]
  ],
  "net-black_120": [],
  "net-black_181": [],
  "net-black_190": [],
  "net-black_1": [],
  "net-black_201": [],
  "net-black_210": [],
  "net-black_21": [],
  "net-black_271": [],
  "net-black_280": [],
  "net-black_291": [
    [
      202,
      492,
      232,
      522
    ]
  ],
  "net-black_300": [],
  "net-black_30": [
    [
      203,
      126,
      233,
      156
    ],
    [
      248,
      126,
      278,
      156
    ]
  ],
  "net-black_91": [],
  "net-white_100": [
    [
      203,
      248,
      233,
      278
    ],
    [
      340,
      614,
      370,
      644
    ]
  ],
  "net-white_10": [],
  "net-white_181": [],
  "net-white_190": [],
  "net-white_1": [],
  "net-white_271": [],
  "net-white_280": [
    [
      203,
      369,
      235,
      401
    ],
    [
      522,
      95,
      554,
      127
    ],
    [
      614,
      96,
      644,
      126
    ]
  ],
  "net-white_91": [],
  "nmos-cross_0": [],
  "nmos-cross_180": [],
  "nmos-cross_270": [],
  "nmos-cross_90": [],
  "nmos-mirror-cross_0": [
    [
      321,
      505,
      390,
      569
    ]
  ],
  "nmos-mirror-cross_180": [],
  "nmos-mirror-cross_270": [],
  "nmos-mirror-cross_90": [],
  "nmos-mirror_0": [
    [
      321,
      413,
      390,
      477
    ],
    [
      504,
      413,
      573,
      477
    ]
  ],
  "nmos-mirror_180": [],
  "nmos-mirror_270": [],
  "nmos-mirror_90": [],
  "nmos_0": [
    [
      502,
      170,
      575,
      241
    ]
  ],
  "nmos_180": [],
  "nmos_270": [],
  "nmos_90": [],
  "pmos-cross_0": [],
  "pmos-cross_180": [],
  "pmos-cross_270": [],
  "pmos-cross_90": [],
  "pmos-mirror_0": [],
  "pmos-mirror_180": [],
  "pmos-mirror_270": [],
  "pmos-mirror_90": [],
  "pmos_0": [],
  "pmos_180": [],
  "pmos_270": [],
  "pmos_90": [],
  "resistor_0": [],
  "resistor_180": [
    [
      112,
      117,
      172,
      167
    ],
    [
      112,
      483,
      172,
      533
    ]
  ],
  "resistor_270": [],
  "resistor_90": [],
  "vdd_0": [
    [
      46,
      109,
      81,
      175
    ],
    [
      46,
      475,
      81,
      541
    ]
  ],
  "voltage-lines_0": [],
  "voltage-mirror_0": [],
  "voltage_0": []
}