{
  "capacitor_0": [],
  "capacitor_180": [],
  "capacitor_270": [],
  "capacitor_90": [],
  "current-arrow_0": [
    [
      492,
      590,
      563,
      662
    ]
  ],
  "current-arrow_180": [],
  "current-arrow_270": [],
  "current-arrow_90": [],
  "current_0": [],
  "current_180": [],
  "current_270": [],
  "current_90": [],
  "gnd_0": [
    [
      605,
      604,
      649,
      647
    ],
    [
      764,
      221,
      808,
      264
    ],
    [
      764,
      987,
      808,
      1030
    ]
  ],
  "gnd_180": [],
  "gnd_270": [],
  "gnd_90": [],
  "inductor_0": [],
  "inductor_180": [],
  "inductor_270": [],
  "inductor_90": [],
  "net-black_100": [
    [
      681,
      100,
      712,
      131
    ]
  ],
  "net-black_10": [
    [
      232,
      611,
      263,
      642
    ]
  ],
  "net-black_1111": [],
  "net-black_111": [
    [
      137,
      610,
      167,
      640
    ],
    [
      424,
      610,
      454,
      640
    ]
  ],
  "net-black_120": [],
  "net-black_181": [],
  "net-black_190": [],
  "net-black_1": [],
  "net-black_201": [],
  "net-black_210": [],
  "net-black_21": [],
  "net-black_271": [],
  "net-black_280": [],
  "net-black_291": [
    [
      233,
      451,
      263,
      481
    ],
    [
      488,
      227,
      518,
      257
    ]
  ],
  "net-black_300": [],
  "net-black_30": [
    [
      233,
      770,
      263,
      800
    ],
    [
      489,
      993,
      519,
      1023
    ]
  ],
  "net-black_91": [],
  "net-white_100": [
    [
      488,
      1088,
      520,
      1120
    ]
  ],
  "net-white_10": [],
  "net-white_181": [],
  "net-white_190": [],
  "net-white_1": [],
  "net-white_271": [],
  "net-white_280": [
    [
      359,
      322,
      391,
      354
    ],
    [
      456,
      322,
      488,
      354
    ],
    [
      487,
      131,
      519,
      163
    ]
  ],
  "net-white_91": [],
  "nmos-cross_0": [
    [
      657,
      177,
      732,
      248
    ]
  ],
  "nmos-cross_180": [],
  "nmos-cross_270": [],
  "nmos-cross_90": [],
  "nmos-mirror-cross_0": [],
  "nmos-mirror-cross_180": [],
  "nmos-mirror-cross_270": [],
  "nmos-mirror-cross_90": [],
  "nmos-mirror_0": [
    [
      340,
      782,
      414,
      851
    ]
  ],
  "nmos-mirror_180": [],
  "nmos-mirror_270": [],
  "nmos-mirror_90": [],
  "nmos_0": [
    [
      338,
      400,
      413,
      471
    ],
    [
      657,
      943,
      732,
      1014
    ]
  ],
  "nmos_180": [
    [
      117,
      461,
      192,
      532
    ],
    [
      213,
      238,
      288,
      309
    ]
  ],
  "nmos_270": [],
  "nmos_90": [],
  "pmos-cross_0": [],
  "pmos-cross_180": [],
  "pmos-cross_270": [],
  "pmos-cross_90": [],
  "pmos-mirror_0": [],
  "pmos-mirror_180": [],
  "pmos-mirror_270": [],
  "pmos-mirror_90": [],
  "pmos_0": [
    [
      118,
      720,
      192,
      789
    ],
    [
      213,
      944,
      287,
      1013
    ]
  ],
  "pmos_180": [],
  "pmos_270": [],
  "pmos_90": [],
  "resistor_0": [],
  "resistor_180": [],
  "resistor_270": [],
  "resistor_90": [],
  "vdd_0": [
    [
      53,
      210,
      88,
      276
    ],
    [
      53,
      433,
      88,
      499
    ],
    [
      53,
      752,
      88,
      818
    ],
    [
      53,
      976,
      88,
      1042
    ]
  ],
  "voltage-lines_0": [],
  "voltage-mirror_0": [],
  "voltage_0": []
}