{
  "capacitor_0": [],
  "capacitor_180": [],
  "capacitor_270": [],
  "capacitor_90": [],
  "current-arrow_0": [],
  "current-arrow_180": [],
  "current-arrow_270": [],
  "current-arrow_90": [],
  "current_0": [],
  "current_180": [],
  "current_270": [],
  "current_90": [],
  "gnd_0": [
    [
      709,
      197,
      753,
      240
    ],
    [
      709,
      515,
      753,
      558
    ]
  ],
  "gnd_180": [],
  "gnd_270": [],
  "gnd_90": [],
  "inductor_0": [],
  "inductor_180": [],
  "inductor_270": [],
  "inductor_90": [],
  "net-black_100": [
    [
      593,
      75,
      624,
      106
    ]
  ],
  "net-black_10": [],
  "net-black_1111": [],
  "net-black_111": [],
  "net-black_120": [],
  "net-black_181": [],
  "net-black_190": [],
  "net-black_1": [],
  "net-black_201": [],
  "net-black_210": [],
  "net-black_21": [],
  "net-black_271": [],
  "net-black_280": [],
  "net-black_291": [
    [
      241,
      522,
      271,
      552
    ],
    [
      433,
      522,
      463,
      552
    ]
  ],
  "net-black_300": [],
  "net-black_30": [
    [
      242,
      203,
      272,
      233
    ],
    [
      433,
      203,
      463,
      233
    ]
  ],
  "net-black_91": [],
  "net-white_100": [
    [
      240,
      298,
      272,
      330
    ]
  ],
  "net-white_10": [],
  "net-white_181": [],
  "net-white_190": [],
  "net-white_1": [],
  "net-white_271": [],
  "net-white_280": [
    [
      240,
      425,
      272,
      457
    ],
    [
      337,
      75,
      369,
      107
    ],
    [
      528,
      75,
      560,
      107
    ]
  ],
  "net-white_91": [],
  "nmos-cross_0": [
    [
      570,
      153,
      645,
      224
    ]
  ],
  "nmos-cross_180": [],
  "nmos-cross_270": [],
  "nmos-cross_90": [],
  "nmos-mirror-cross_0": [],
  "nmos-mirror-cross_180": [],
  "nmos-mirror-cross_270": [],
  "nmos-mirror-cross_90": [],
  "nmos-mirror_0": [
    [
      316,
      534,
      390,
      603
    ]
  ],
  "nmos-mirror_180": [],
  "nmos-mirror_270": [],
  "nmos-mirror_90": [],
  "nmos_0": [
    [
      315,
      153,
      390,
      224
    ],
    [
      570,
      471,
      645,
      542
    ]
  ],
  "nmos_180": [],
  "nmos_270": [],
  "nmos_90": [],
  "pmos-cross_0": [],
  "pmos-cross_180": [],
  "pmos-cross_270": [],
  "pmos-cross_90": [],
  "pmos-mirror_0": [],
  "pmos-mirror_180": [],
  "pmos-mirror_270": [],
  "pmos-mirror_90": [],
  "pmos_0": [],
  "pmos_180": [],
  "pmos_270": [],
  "pmos_90": [],
  "resistor_0": [],
  "resistor_180": [
    [
      103,
      192,
      161,
      245
    ],
    [
      103,
      511,
      161,
      564
    ]
  ],
  "resistor_270": [
    [
      424,
      355,
      474,
      410
    ]
  ],
  "resistor_90": [],
  "vdd_0": [
    [
      30,
      186,
      65,
      252
    ],
    [
      30,
      504,
      65,
      570
    ]
  ],
  "voltage-lines_0": [],
  "voltage-mirror_0": [],
  "voltage_0": []
}