{
  "capacitor_0": [],
  "capacitor_180": [],
  "capacitor_270": [],
  "capacitor_90": [],
  "current-arrow_0": [
    [
      652,
      337,
      721,
      405
    ]
  ],
  "current-arrow_180": [],
  "current-arrow_270": [],
  "current-arrow_90": [],
  "current_0": [],
  "current_180": [],
  "current_270": [],
  "current_90": [],
  "gnd_0": [
    [
      761,
      351,
      800,
      389
    ]
  ],
  "gnd_180": [],
  "gnd_270": [],
  "gnd_90": [],
  "inductor_0": [],
  "inductor_180": [],
  "inductor_270": [],
  "inductor_90": [],
  "net-black_100": [],
  "net-black_10": [],
  "net-black_1111": [],
  "net-black_111": [
    [
      587,
      355,
      617,
      385
    ]
  ],
  "net-black_120": [],
  "net-black_181": [
    [
      344,
      111,
      375,
      142
    ]
  ],
  "net-black_190": [],
  "net-black_1": [],
  "net-black_201": [],
  "net-black_210": [],
  "net-black_21": [],
  "net-black_271": [],
  "net-black_280": [],
  "net-black_291": [
    [
      207,
      477,
      237,
      507
    ]
  ],
  "net-black_300": [],
  "net-black_30": [
    [
      207,
      233,
      237,
      263
    ]
  ],
  "net-black_91": [],
  "net-white_100": [
    [
      207,
      294,
      237,
      324
    ]
  ],
  "net-white_10": [
    [
      526,
      82,
      556,
      112
    ]
  ],
  "net-white_181": [],
  "net-white_190": [],
  "net-white_1": [],
  "net-white_271": [],
  "net-white_280": [
    [
      206,
      416,
      238,
      448
    ],
    [
      617,
      82,
      647,
      112
    ]
  ],
  "net-white_91": [],
  "nmos-cross_0": [
    [
      322,
      185,
      394,
      256
    ]
  ],
  "nmos-cross_180": [],
  "nmos-cross_270": [],
  "nmos-cross_90": [],
  "nmos-mirror-cross_0": [],
  "nmos-mirror-cross_180": [],
  "nmos-mirror-cross_270": [],
  "nmos-mirror-cross_90": [],
  "nmos-mirror_0": [
    [
      507,
      490,
      576,
      554
    ]
  ],
  "nmos-mirror_180": [],
  "nmos-mirror_270": [],
  "nmos-mirror_90": [],
  "nmos_0": [
    [
      322,
      430,
      395,
      501
    ],
    [
      505,
      186,
      578,
      257
    ]
  ],
  "nmos_180": [],
  "nmos_270": [],
  "nmos_90": [],
  "pmos-cross_0": [],
  "pmos-cross_180": [],
  "pmos-cross_270": [],
  "pmos-cross_90": [],
  "pmos-mirror_0": [],
  "pmos-mirror_180": [],
  "pmos-mirror_270": [],
  "pmos-mirror_90": [],
  "pmos_0": [],
  "pmos_180": [],
  "pmos_270": [],
  "pmos_90": [],
  "resistor_0": [
    [
      119,
      224,
      179,
      274
    ],
    [
      119,
      468,
      179,
      518
    ]
  ],
  "resistor_180": [],
  "resistor_270": [],
  "resistor_90": [],
  "vdd_0": [
    [
      49,
      216,
      84,
      282
    ],
    [
      49,
      460,
      84,
      526
    ]
  ],
  "voltage-lines_0": [],
  "voltage-mirror_0": [],
  "voltage_0": []
}