{
  "capacitor_0": [],
  "capacitor_180": [
    [
      559,
      1080,
      595,
      1141
    ]
  ],
  "capacitor_270": [],
  "capacitor_90": [],
  "current-arrow_0": [],
  "current-arrow_180": [],
  "current-arrow_270": [],
  "current-arrow_90": [],
  "current_0": [
    [
      85,
      632,
      137,
      665
    ],
    [
      356,
      948,
      403,
      976
    ],
    [
      401,
      632,
      453,
      665
    ],
    [
      514,
      921,
      566,
      954
    ]
  ],
  "current_180": [],
  "current_270": [],
  "current_90": [
    [
      470,
      989,
      503,
      1041
    ]
  ],
  "gnd_0": [
    [
      637,
      1092,
      676,
      1130
    ],
    [
      695,
      286,
      734,
      324
    ],
    [
      781,
      631,
      820,
      669
    ],
    [
      781,
      919,
      820,
      957
    ]
  ],
  "gnd_180": [],
  "gnd_270": [],
  "gnd_90": [],
  "inductor_0": [],
  "inductor_180": [],
  "inductor_270": [],
  "inductor_90": [],
  "net-black_100": [],
  "net-black_10": [],
  "net-black_1111": [],
  "net-black_111": [],
  "net-black_120": [
    [
      530,
      290,
      560,
      320
    ]
  ],
  "net-black_181": [],
  "net-black_190": [],
  "net-black_1": [],
  "net-black_201": [
    [
      473,
      1095,
      503,
      1125
    ]
  ],
  "net-black_210": [],
  "net-black_21": [],
  "net-black_271": [],
  "net-black_280": [],
  "net-black_291": [
    [
      213,
      634,
      243,
      664
    ],
    [
      243,
      922,
      273,
      952
    ],
    [
      529,
      635,
      559,
      665
    ]
  ],
  "net-black_300": [],
  "net-black_30": [],
  "net-black_91": [],
  "net-white_100": [
    [
      472,
      1153,
      502,
      1183
    ]
  ],
  "net-white_10": [],
  "net-white_181": [],
  "net-white_190": [],
  "net-white_1": [],
  "net-white_271": [],
  "net-white_280": [
    [
      472,
      88,
      502,
      118
    ]
  ],
  "net-white_91": [],
  "nmos-cross_0": [],
  "nmos-cross_180": [],
  "nmos-cross_270": [],
  "nmos-cross_90": [],
  "nmos-mirror-cross_0": [],
  "nmos-mirror-cross_180": [],
  "nmos-mirror-cross_270": [],
  "nmos-mirror-cross_90": [],
  "nmos-mirror_0": [
    [
      455,
      386,
      523,
      451
    ]
  ],
  "nmos-mirror_180": [
    [
      310,
      878,
      378,
      943
    ]
  ],
  "nmos-mirror_270": [],
  "nmos-mirror_90": [],
  "nmos_0": [
    [
      570,
      593,
      636,
      653
    ],
    [
      570,
      881,
      636,
      941
    ],
    [
      685,
      593,
      751,
      653
    ],
    [
      685,
      881,
      751,
      941
    ]
  ],
  "nmos_180": [
    [
      139,
      648,
      205,
      708
    ]
  ],
  "nmos_270": [],
  "nmos_90": [],
  "pmos-cross_0": [],
  "pmos-cross_180": [],
  "pmos-cross_270": [],
  "pmos-cross_90": [],
  "pmos-mirror_0": [],
  "pmos-mirror_180": [],
  "pmos-mirror_270": [],
  "pmos-mirror_90": [],
  "pmos_0": [],
  "pmos_180": [],
  "pmos_270": [],
  "pmos_90": [],
  "resistor_0": [],
  "resistor_180": [],
  "resistor_270": [],
  "resistor_90": [],
  "vdd_0": [
    [
      50,
      620,
      85,
      680
    ],
    [
      50,
      680,
      85,
      740
    ],
    [
      50,
      740,
      85,
      800
    ],
    [
      50,
      800,
      85,
      860
    ],
    [
      50,
      907,
      85,
      967
    ]
  ],
  "voltage-lines_0": [],
  "voltage-mirror_0": [],
  "voltage_0": []
}