{
  "capacitor_0": [
    [
      494,
      1246,
      530,
      1307
    ]
  ],
  "capacitor_180": [
    [
      494,
      1093,
      530,
      1154
    ]
  ],
  "capacitor_270": [],
  "capacitor_90": [],
  "current-arrow_0": [
    [
      101,
      785,
      170,
      853
    ],
    [
      101,
      908,
      170,
      976
    ],
    [
      467,
      1487,
      536,
      1555
    ],
    [
      589,
      480,
      658,
      548
    ]
  ],
  "current-arrow_180": [],
  "current-arrow_270": [],
  "current-arrow_90": [],
  "current_0": [],
  "current_180": [],
  "current_270": [],
  "current_90": [],
  "gnd_0": [
    [
      574,
      1101,
      618,
      1144
    ],
    [
      577,
      1257,
      616,
      1295
    ],
    [
      577,
      1501,
      616,
      1539
    ],
    [
      698,
      495,
      737,
      533
    ],
    [
      698,
      800,
      737,
      838
    ],
    [
      698,
      922,
      737,
      960
    ]
  ],
  "gnd_180": [],
  "gnd_270": [],
  "gnd_90": [],
  "inductor_0": [],
  "inductor_180": [],
  "inductor_270": [],
  "inductor_90": [],
  "net-black_100": [],
  "net-black_10": [
    [
      797,
      255,
      828,
      286
    ]
  ],
  "net-black_1111": [
    [
      188,
      926,
      218,
      956
    ]
  ],
  "net-black_111": [
    [
      341,
      1109,
      371,
      1139
    ],
    [
      402,
      1505,
      432,
      1535
    ],
    [
      433,
      1261,
      463,
      1291
    ],
    [
      463,
      224,
      493,
      254
    ],
    [
      524,
      499,
      554,
      529
    ],
    [
      738,
      255,
      768,
      285
    ]
  ],
  "net-black_120": [
    [
      554,
      286,
      584,
      316
    ]
  ],
  "net-black_181": [],
  "net-black_190": [],
  "net-black_1": [],
  "net-black_201": [],
  "net-black_210": [],
  "net-black_21": [],
  "net-black_271": [],
  "net-black_280": [],
  "net-black_291": [],
  "net-black_300": [],
  "net-black_30": [
    [
      219,
      804,
      249,
      834
    ],
    [
      341,
      804,
      371,
      834
    ],
    [
      433,
      926,
      463,
      956
    ]
  ],
  "net-black_91": [],
  "net-white_100": [
    [
      341,
      987,
      373,
      1019
    ]
  ],
  "net-white_10": [],
  "net-white_181": [],
  "net-white_190": [
    [
      624,
      225,
      654,
      255
    ],
    [
      624,
      286,
      654,
      316
    ]
  ],
  "net-white_1": [],
  "net-white_271": [],
  "net-white_280": [
    [
      462,
      72,
      494,
      104
    ],
    [
      464,
      168,
      494,
      198
    ],
    [
      554,
      73,
      584,
      103
    ],
    [
      555,
      168,
      585,
      198
    ]
  ],
  "net-white_91": [],
  "nmos-cross_0": [
    [
      473,
      755,
      545,
      826
    ],
    [
      595,
      755,
      667,
      826
    ]
  ],
  "nmos-cross_180": [],
  "nmos-cross_270": [],
  "nmos-cross_90": [],
  "nmos-mirror-cross_0": [],
  "nmos-mirror-cross_180": [],
  "nmos-mirror-cross_270": [],
  "nmos-mirror-cross_90": [],
  "nmos-mirror_0": [
    [
      322,
      1548,
      391,
      1612
    ],
    [
      444,
      542,
      513,
      606
    ]
  ],
  "nmos-mirror_180": [],
  "nmos-mirror_270": [],
  "nmos-mirror_90": [],
  "nmos_0": [
    [
      320,
      1427,
      393,
      1498
    ],
    [
      442,
      421,
      515,
      492
    ],
    [
      472,
      878,
      545,
      949
    ],
    [
      594,
      878,
      667,
      949
    ]
  ],
  "nmos_180": [],
  "nmos_270": [],
  "nmos_90": [],
  "pmos-cross_0": [],
  "pmos-cross_180": [],
  "pmos-cross_270": [],
  "pmos-cross_90": [],
  "pmos-mirror_0": [],
  "pmos-mirror_180": [],
  "pmos-mirror_270": [],
  "pmos-mirror_90": [],
  "pmos_0": [
    [
      262,
      759,
      331,
      823
    ],
    [
      262,
      881,
      331,
      945
    ]
  ],
  "pmos_180": [],
  "pmos_270": [],
  "pmos_90": [],
  "resistor_0": [],
  "resistor_180": [],
  "resistor_270": [],
  "resistor_90": [],
  "vdd_0": [
    [
      47,
      787,
      82,
      853
    ],
    [
      47,
      908,
      82,
      974
    ]
  ],
  "voltage-lines_0": [],
  "voltage-mirror_0": [],
  "voltage_0": []
}