{
  "capacitor_0": [],
  "capacitor_180": [],
  "capacitor_270": [],
  "capacitor_90": [],
  "current-arrow_0": [
    [
      563,
      154,
      634,
      226
    ],
    [
      563,
      409,
      634,
      481
    ]
  ],
  "current-arrow_180": [],
  "current-arrow_270": [],
  "current-arrow_90": [],
  "current_0": [],
  "current_180": [],
  "current_270": [],
  "current_90": [],
  "gnd_0": [
    [
      675,
      168,
      719,
      211
    ],
    [
      675,
      423,
      719,
      466
    ]
  ],
  "gnd_180": [],
  "gnd_270": [],
  "gnd_90": [],
  "inductor_0": [],
  "inductor_180": [],
  "inductor_270": [],
  "inductor_90": [],
  "net-black_100": [],
  "net-black_10": [],
  "net-black_1111": [],
  "net-black_111": [
    [
      242,
      175,
      272,
      205
    ]
  ],
  "net-black_120": [],
  "net-black_181": [],
  "net-black_190": [],
  "net-black_1": [],
  "net-black_201": [],
  "net-black_210": [],
  "net-black_21": [],
  "net-black_271": [],
  "net-black_280": [],
  "net-black_291": [
    [
      241,
      430,
      271,
      460
    ],
    [
      431,
      430,
      461,
      460
    ]
  ],
  "net-black_300": [],
  "net-black_30": [
    [
      431,
      174,
      461,
      204
    ]
  ],
  "net-black_91": [],
  "net-white_100": [
    [
      240,
      237,
      272,
      269
    ]
  ],
  "net-white_10": [],
  "net-white_181": [],
  "net-white_190": [],
  "net-white_1": [],
  "net-white_271": [],
  "net-white_280": [
    [
      240,
      365,
      272,
      397
    ],
    [
      335,
      46,
      367,
      78
    ],
    [
      526,
      46,
      558,
      78
    ]
  ],
  "net-white_91": [],
  "nmos-cross_0": [],
  "nmos-cross_180": [],
  "nmos-cross_270": [],
  "nmos-cross_90": [],
  "nmos-mirror-cross_0": [],
  "nmos-mirror-cross_180": [],
  "nmos-mirror-cross_270": [],
  "nmos-mirror-cross_90": [],
  "nmos-mirror_0": [
    [
      315,
      441,
      389,
      510
    ]
  ],
  "nmos-mirror_180": [],
  "nmos-mirror_270": [],
  "nmos-mirror_90": [],
  "nmos_0": [
    [
      313,
      124,
      388,
      195
    ]
  ],
  "nmos_180": [],
  "nmos_270": [],
  "nmos_90": [],
  "pmos-cross_0": [],
  "pmos-cross_180": [],
  "pmos-cross_270": [],
  "pmos-cross_90": [],
  "pmos-mirror_0": [],
  "pmos-mirror_180": [],
  "pmos-mirror_270": [],
  "pmos-mirror_90": [],
  "pmos_0": [],
  "pmos_180": [],
  "pmos_270": [],
  "pmos_90": [],
  "resistor_0": [],
  "resistor_180": [
    [
      133,
      164,
      191,
      217
    ],
    [
      133,
      419,
      191,
      472
    ]
  ],
  "resistor_270": [],
  "resistor_90": [
    [
      423,
      295,
      473,
      350
    ]
  ],
  "vdd_0": [
    [
      60,
      157,
      95,
      223
    ],
    [
      60,
      412,
      95,
      478
    ]
  ],
  "voltage-lines_0": [],
  "voltage-mirror_0": [],
  "voltage_0": []
}