{
  "capacitor_0": [],
  "capacitor_180": [],
  "capacitor_270": [],
  "capacitor_90": [],
  "current-arrow_0": [
    [
      764,
      374,
      833,
      442
    ]
  ],
  "current-arrow_180": [],
  "current-arrow_270": [],
  "current-arrow_90": [],
  "current_0": [],
  "current_180": [],
  "current_270": [],
  "current_90": [],
  "gnd_0": [
    [
      874,
      388,
      913,
      426
    ]
  ],
  "gnd_180": [],
  "gnd_270": [],
  "gnd_90": [],
  "inductor_0": [],
  "inductor_180": [],
  "inductor_270": [],
  "inductor_90": [],
  "net-black_100": [
    [
      120,
      118,
      151,
      149
    ],
    [
      303,
      118,
      334,
      149
    ],
    [
      516,
      118,
      547,
      149
    ]
  ],
  "net-black_10": [],
  "net-black_1111": [],
  "net-black_111": [
    [
      700,
      392,
      730,
      422
    ]
  ],
  "net-black_120": [],
  "net-black_181": [],
  "net-black_190": [],
  "net-black_1": [],
  "net-black_201": [],
  "net-black_210": [],
  "net-black_21": [],
  "net-black_271": [],
  "net-black_280": [],
  "net-black_291": [
    [
      425,
      545,
      455,
      575
    ]
  ],
  "net-black_300": [],
  "net-black_30": [
    [
      425,
      240,
      455,
      270
    ]
  ],
  "net-black_91": [],
  "net-white_100": [
    [
      425,
      331,
      455,
      361
    ]
  ],
  "net-white_10": [],
  "net-white_181": [],
  "net-white_190": [],
  "net-white_1": [],
  "net-white_271": [],
  "net-white_280": [
    [
      425,
      454,
      455,
      484
    ],
    [
      638,
      87,
      670,
      119
    ],
    [
      729,
      87,
      761,
      119
    ]
  ],
  "net-white_91": [],
  "nmos-cross_0": [
    [
      496,
      191,
      568,
      262
    ]
  ],
  "nmos-cross_180": [],
  "nmos-cross_270": [],
  "nmos-cross_90": [],
  "nmos-mirror-cross_0": [],
  "nmos-mirror-cross_180": [],
  "nmos-mirror-cross_270": [],
  "nmos-mirror-cross_90": [],
  "nmos-mirror_0": [
    [
      620,
      558,
      689,
      622
    ]
  ],
  "nmos-mirror_180": [],
  "nmos-mirror_270": [],
  "nmos-mirror_90": [],
  "nmos_0": [
    [
      496,
      497,
      569,
      568
    ],
    [
      620,
      195,
      687,
      257
    ]
  ],
  "nmos_180": [],
  "nmos_270": [],
  "nmos_90": [],
  "pmos-cross_0": [
    [
      102,
      195,
      171,
      259
    ],
    [
      285,
      195,
      354,
      259
    ]
  ],
  "pmos-cross_180": [],
  "pmos-cross_270": [],
  "pmos-cross_90": [],
  "pmos-mirror_0": [],
  "pmos-mirror_180": [],
  "pmos-mirror_270": [],
  "pmos-mirror_90": [],
  "pmos_0": [
    [
      102,
      500,
      171,
      564
    ],
    [
      285,
      500,
      354,
      564
    ]
  ],
  "pmos_180": [],
  "pmos_270": [],
  "pmos_90": [],
  "resistor_0": [],
  "resistor_180": [],
  "resistor_270": [],
  "resistor_90": [],
  "vdd_0": [
    [
      38,
      306,
      73,
      366
    ],
    [
      38,
      366,
      73,
      426
    ],
    [
      38,
      530,
      73,
      590
    ]
  ],
  "voltage-lines_0": [],
  "voltage-mirror_0": [],
  "voltage_0": []
}