{
  "capacitor_0": [],
  "capacitor_180": [],
  "capacitor_270": [],
  "capacitor_90": [],
  "current-arrow_0": [],
  "current-arrow_180": [],
  "current-arrow_270": [],
  "current-arrow_90": [],
  "current_0": [],
  "current_180": [],
  "current_270": [],
  "current_90": [],
  "gnd_0": [],
  "gnd_180": [],
  "gnd_270": [],
  "gnd_90": [],
  "inductor_0": [],
  "inductor_180": [],
  "inductor_270": [],
  "inductor_90": [],
  "net-black_100": [],
  "net-black_10": [],
  "net-black_1111": [],
  "net-black_111": [],
  "net-black_120": [],
  "net-black_181": [],
  "net-black_190": [],
  "net-black_1": [],
  "net-black_201": [],
  "net-black_210": [],
  "net-black_21": [
    [
      184,
      514,
      214,
      544
    ]
  ],
  "net-black_271": [],
  "net-black_280": [],
  "net-black_291": [
    [
      184,
      576,
      214,
      606
    ]
  ],
  "net-black_300": [],
  "net-black_30": [
    [
      184,
      453,
      214,
      483
    ]
  ],
  "net-black_91": [],
  "net-white_100": [
    [
      153,
      759,
      183,
      789
    ],
    [
      245,
      759,
      275,
      789
    ]
  ],
  "net-white_10": [
    [
      92,
      515,
      122,
      545
    ]
  ],
  "net-white_181": [],
  "net-white_190": [],
  "net-white_1": [],
  "net-white_271": [],
  "net-white_280": [
    [
      153,
      301,
      183,
      331
    ],
    [
      245,
      301,
      275,
      331
    ]
  ],
  "net-white_91": [],
  "nmos-cross_0": [],
  "nmos-cross_180": [],
  "nmos-cross_270": [],
  "nmos-cross_90": [],
  "nmos-mirror-cross_0": [],
  "nmos-mirror-cross_180": [],
  "nmos-mirror-cross_270": [],
  "nmos-mirror-cross_90": [],
  "nmos-mirror_0": [],
  "nmos-mirror_180": [],
  "nmos-mirror_270": [],
  "nmos-mirror_90": [],
  "nmos_0": [],
  "nmos_180": [],
  "nmos_270": [],
  "nmos_90": [],
  "pmos-cross_0": [],
  "pmos-cross_180": [],
  "pmos-cross_270": [],
  "pmos-cross_90": [],
  "pmos-mirror_0": [],
  "pmos-mirror_180": [],
  "pmos-mirror_270": [],
  "pmos-mirror_90": [],
  "pmos_0": [],
  "pmos_180": [],
  "pmos_270": [],
  "pmos_90": [],
  "resistor_0": [],
  "resistor_180": [],
  "resistor_270": [],
  "resistor_90": [
    [
      144,
      383,
      195,
      439
    ],
    [
      144,
      627,
      195,
      683
    ],
    [
      235,
      383,
      286,
      439
    ],
    [
      235,
      627,
      286,
      683
    ]
  ],
  "vdd_0": [],
  "voltage-lines_0": [],
  "voltage-mirror_0": [],
  "voltage_0": []
}