{
  "capacitor_0": [],
  "capacitor_180": [],
  "capacitor_270": [],
  "capacitor_90": [],
  "current-arrow_0": [
    [
      86,
      665,
      155,
      733
    ],
    [
      86,
      787,
      155,
      855
    ]
  ],
  "current-arrow_180": [],
  "current-arrow_270": [],
  "current-arrow_90": [],
  "current_0": [],
  "current_180": [],
  "current_270": [],
  "current_90": [],
  "gnd_0": [
    [
      531,
      251,
      570,
      289
    ],
    [
      531,
      1198,
      570,
      1236
    ],
    [
      592,
      649,
      631,
      687
    ],
    [
      592,
      832,
      631,
      870
    ]
  ],
  "gnd_180": [],
  "gnd_270": [],
  "gnd_90": [],
  "inductor_0": [],
  "inductor_180": [],
  "inductor_270": [],
  "inductor_90": [],
  "net-black_100": [
    [
      143,
      1079,
      174,
      1110
    ],
    [
      509,
      531,
      540,
      562
    ]
  ],
  "net-black_10": [],
  "net-black_1111": [],
  "net-black_111": [
    [
      295,
      1203,
      325,
      1233
    ],
    [
      386,
      257,
      416,
      287
    ]
  ],
  "net-black_120": [],
  "net-black_181": [],
  "net-black_190": [],
  "net-black_1": [
    [
      142,
      378,
      173,
      409
    ]
  ],
  "net-black_201": [
    [
      295,
      256,
      325,
      286
    ]
  ],
  "net-black_210": [],
  "net-black_21": [
    [
      172,
      683,
      202,
      713
    ],
    [
      203,
      805,
      233,
      835
    ],
    [
      447,
      652,
      477,
      682
    ]
  ],
  "net-black_271": [],
  "net-black_280": [],
  "net-black_291": [
    [
      386,
      1202,
      416,
      1232
    ]
  ],
  "net-black_300": [],
  "net-black_30": [
    [
      448,
      835,
      478,
      865
    ]
  ],
  "net-black_91": [],
  "net-white_100": [
    [
      295,
      1293,
      325,
      1323
    ]
  ],
  "net-white_10": [],
  "net-white_181": [],
  "net-white_190": [],
  "net-white_1": [],
  "net-white_271": [],
  "net-white_280": [
    [
      264,
      439,
      294,
      469
    ],
    [
      295,
      165,
      325,
      195
    ],
    [
      325,
      439,
      355,
      469
    ]
  ],
  "net-white_91": [],
  "nmos-cross_0": [
    [
      488,
      604,
      560,
      675
    ]
  ],
  "nmos-cross_180": [
    [
      246,
      936,
      318,
      1007
    ]
  ],
  "nmos-cross_270": [],
  "nmos-cross_90": [],
  "nmos-mirror-cross_0": [],
  "nmos-mirror-cross_180": [],
  "nmos-mirror-cross_270": [],
  "nmos-mirror-cross_90": [],
  "nmos-mirror_0": [
    [
      429,
      268,
      498,
      332
    ]
  ],
  "nmos-mirror_180": [],
  "nmos-mirror_270": [],
  "nmos-mirror_90": [],
  "nmos_0": [
    [
      427,
      1154,
      500,
      1225
    ],
    [
      488,
      788,
      561,
      859
    ]
  ],
  "nmos_180": [],
  "nmos_270": [],
  "nmos_90": [],
  "pmos-cross_0": [
    [
      247,
      516,
      316,
      580
    ]
  ],
  "pmos-cross_180": [],
  "pmos-cross_270": [],
  "pmos-cross_90": [],
  "pmos-mirror_0": [
    [
      123,
      263,
      196,
      334
    ],
    [
      245,
      843,
      318,
      914
    ]
  ],
  "pmos-mirror_180": [],
  "pmos-mirror_270": [],
  "pmos-mirror_90": [],
  "pmos_0": [
    [
      125,
      1156,
      194,
      1220
    ],
    [
      247,
      607,
      316,
      671
    ]
  ],
  "pmos_180": [],
  "pmos_270": [],
  "pmos_90": [],
  "resistor_0": [],
  "resistor_180": [],
  "resistor_270": [],
  "resistor_90": [],
  "vdd_0": [
    [
      32,
      238,
      67,
      304
    ],
    [
      32,
      666,
      67,
      732
    ],
    [
      32,
      788,
      67,
      854
    ],
    [
      32,
      1184,
      67,
      1250
    ]
  ],
  "voltage-lines_0": [],
  "voltage-mirror_0": [],
  "voltage_0": []
}