{
  "capacitor_0": [],
  "capacitor_180": [
    [
      329,
      322,
      366,
      388
    ]
  ],
  "capacitor_270": [],
  "capacitor_90": [],
  "current-arrow_0": [],
  "current-arrow_180": [],
  "current-arrow_270": [],
  "current-arrow_90": [],
  "current_0": [],
  "current_180": [],
  "current_270": [],
  "current_90": [],
  "gnd_0": [
    [
      397,
      332,
      441,
      375
    ]
  ],
  "gnd_180": [],
  "gnd_270": [],
  "gnd_90": [],
  "inductor_0": [],
  "inductor_180": [],
  "inductor_270": [],
  "inductor_90": [],
  "net-black_100": [],
  "net-black_10": [
    [
      391,
      211,
      422,
      242
    ]
  ],
  "net-black_1111": [],
  "net-black_111": [
    [
      235,
      275,
      265,
      305
    ]
  ],
  "net-black_120": [],
  "net-black_181": [],
  "net-black_190": [],
  "net-black_1": [],
  "net-black_201": [
    [
      235,
      338,
      265,
      368
    ]
  ],
  "net-black_210": [],
  "net-black_21": [],
  "net-black_271": [
    [
      73,
      210,
      104,
      241
    ]
  ],
  "net-black_280": [],
  "net-black_291": [
    [
      234,
      147,
      264,
      177
    ]
  ],
  "net-black_300": [],
  "net-black_30": [],
  "net-black_91": [],
  "net-white_100": [
    [
      233,
      433,
      265,
      465
    ]
  ],
  "net-white_10": [],
  "net-white_181": [],
  "net-white_190": [],
  "net-white_1": [],
  "net-white_271": [],
  "net-white_280": [
    [
      233,
      82,
      265,
      114
    ]
  ],
  "net-white_91": [],
  "nmos-cross_0": [],
  "nmos-cross_180": [],
  "nmos-cross_270": [],
  "nmos-cross_90": [],
  "nmos-mirror-cross_0": [],
  "nmos-mirror-cross_180": [],
  "nmos-mirror-cross_270": [],
  "nmos-mirror-cross_90": [],
  "nmos-mirror_0": [],
  "nmos-mirror_180": [],
  "nmos-mirror_270": [],
  "nmos-mirror_90": [],
  "nmos_0": [],
  "nmos_180": [],
  "nmos_270": [],
  "nmos_90": [
    [
      151,
      190,
      222,
      265
    ]
  ],
  "pmos-cross_0": [],
  "pmos-cross_180": [],
  "pmos-cross_270": [],
  "pmos-cross_90": [],
  "pmos-mirror_0": [],
  "pmos-mirror_180": [],
  "pmos-mirror_270": [],
  "pmos-mirror_90": [],
  "pmos_0": [],
  "pmos_180": [],
  "pmos_270": [
    [
      277,
      190,
      346,
      264
    ]
  ],
  "pmos_90": [],
  "resistor_0": [],
  "resistor_180": [],
  "resistor_270": [],
  "resistor_90": [],
  "vdd_0": [],
  "voltage-lines_0": [],
  "voltage-mirror_0": [],
  "voltage_0": []
}