{
  "capacitor_0": [],
  "capacitor_180": [
    [
      331,
      709,
      367,
      770
    ],
    [
      453,
      709,
      489,
      770
    ]
  ],
  "capacitor_270": [],
  "capacitor_90": [],
  "current-arrow_0": [
    [
      518,
      400,
      587,
      468
    ]
  ],
  "current-arrow_180": [],
  "current-arrow_270": [],
  "current-arrow_90": [],
  "current_0": [],
  "current_180": [],
  "current_270": [],
  "current_90": [],
  "gnd_0": [
    [
      536,
      720,
      575,
      758
    ],
    [
      627,
      415,
      666,
      453
    ]
  ],
  "gnd_180": [],
  "gnd_270": [],
  "gnd_90": [],
  "inductor_0": [],
  "inductor_180": [],
  "inductor_270": [],
  "inductor_90": [],
  "net-black_100": [],
  "net-black_10": [],
  "net-black_1111": [],
  "net-black_111": [
    [
      117,
      358,
      147,
      388
    ],
    [
      239,
      573,
      269,
      603
    ],
    [
      453,
      419,
      483,
      449
    ]
  ],
  "net-black_120": [
    [
      239,
      724,
      269,
      754
    ]
  ],
  "net-black_181": [],
  "net-black_190": [],
  "net-black_1": [],
  "net-black_201": [],
  "net-black_210": [],
  "net-black_21": [],
  "net-black_271": [],
  "net-black_280": [],
  "net-black_291": [
    [
      391,
      724,
      421,
      754
    ]
  ],
  "net-black_300": [],
  "net-black_30": [
    [
      209,
      266,
      239,
      296
    ]
  ],
  "net-black_91": [],
  "net-white_100": [
    [
      239,
      815,
      269,
      845
    ]
  ],
  "net-white_10": [],
  "net-white_181": [],
  "net-white_190": [],
  "net-white_1": [],
  "net-white_271": [],
  "net-white_280": [
    [
      391,
      113,
      423,
      145
    ]
  ],
  "net-white_91": [],
  "nmos-cross_0": [],
  "nmos-cross_180": [],
  "nmos-cross_270": [],
  "nmos-cross_90": [],
  "nmos-mirror-cross_0": [],
  "nmos-mirror-cross_180": [],
  "nmos-mirror-cross_270": [],
  "nmos-mirror-cross_90": [],
  "nmos-mirror_0": [
    [
      373,
      584,
      442,
      648
    ]
  ],
  "nmos-mirror_180": [],
  "nmos-mirror_270": [],
  "nmos-mirror_90": [],
  "nmos_0": [
    [
      371,
      219,
      444,
      290
    ]
  ],
  "nmos_180": [],
  "nmos_270": [],
  "nmos_90": [],
  "pmos-cross_0": [],
  "pmos-cross_180": [],
  "pmos-cross_270": [],
  "pmos-cross_90": [],
  "pmos-mirror_0": [
    [
      97,
      274,
      170,
      345
    ]
  ],
  "pmos-mirror_180": [],
  "pmos-mirror_270": [],
  "pmos-mirror_90": [],
  "pmos_0": [
    [
      99,
      526,
      168,
      590
    ]
  ],
  "pmos_180": [],
  "pmos_270": [],
  "pmos_90": [],
  "resistor_0": [],
  "resistor_180": [],
  "resistor_270": [],
  "resistor_90": [],
  "vdd_0": [
    [
      35,
      252,
      70,
      312
    ],
    [
      35,
      312,
      70,
      372
    ],
    [
      35,
      372,
      70,
      432
    ],
    [
      35,
      432,
      70,
      492
    ],
    [
      35,
      492,
      70,
      552
    ],
    [
      35,
      557,
      70,
      617
    ]
  ],
  "voltage-lines_0": [],
  "voltage-mirror_0": [],
  "voltage_0": []
}