{
  "capacitor_0": [],
  "capacitor_180": [],
  "capacitor_270": [
    [
      213,
      241,
      274,
      277
    ]
  ],
  "capacitor_90": [
    [
      214,
      760,
      275,
      796
    ]
  ],
  "current-arrow_0": [
    [
      232,
      20,
      301,
      88
    ],
    [
      506,
      477,
      575,
      545
    ]
  ],
  "current-arrow_180": [],
  "current-arrow_270": [],
  "current-arrow_90": [],
  "current_0": [],
  "current_180": [],
  "current_270": [],
  "current_90": [],
  "gnd_0": [
    [
      341,
      35,
      380,
      73
    ],
    [
      616,
      492,
      655,
      530
    ]
  ],
  "gnd_180": [],
  "gnd_270": [
    [
      225,
      834,
      263,
      873
    ]
  ],
  "gnd_90": [
    [
      224,
      171,
      262,
      210
    ]
  ],
  "inductor_0": [],
  "inductor_180": [],
  "inductor_270": [],
  "inductor_90": [],
  "net-black_100": [],
  "net-black_10": [],
  "net-black_1111": [
    [
      228,
      374,
      258,
      404
    ],
    [
      228,
      618,
      258,
      648
    ]
  ],
  "net-black_111": [
    [
      106,
      130,
      136,
      160
    ],
    [
      411,
      496,
      441,
      526
    ]
  ],
  "net-black_120": [],
  "net-black_181": [],
  "net-black_190": [],
  "net-black_1": [],
  "net-black_201": [],
  "net-black_210": [],
  "net-black_21": [],
  "net-black_271": [],
  "net-black_280": [],
  "net-black_291": [],
  "net-black_300": [],
  "net-black_30": [
    [
      167,
      39,
      197,
      69
    ]
  ],
  "net-black_91": [],
  "net-white_100": [
    [
      228,
      435,
      258,
      465
    ]
  ],
  "net-white_10": [],
  "net-white_181": [],
  "net-white_190": [],
  "net-white_1": [],
  "net-white_271": [],
  "net-white_280": [
    [
      227,
      556,
      259,
      588
    ],
    [
      349,
      253,
      379,
      283
    ],
    [
      440,
      252,
      472,
      284
    ]
  ],
  "net-white_91": [],
  "nmos-cross_0": [],
  "nmos-cross_180": [],
  "nmos-cross_270": [],
  "nmos-cross_90": [],
  "nmos-mirror-cross_0": [],
  "nmos-mirror-cross_180": [],
  "nmos-mirror-cross_270": [],
  "nmos-mirror-cross_90": [],
  "nmos-mirror_0": [
    [
      331,
      631,
      400,
      695
    ]
  ],
  "nmos-mirror_180": [],
  "nmos-mirror_270": [],
  "nmos-mirror_90": [],
  "nmos_0": [
    [
      329,
      327,
      402,
      398
    ]
  ],
  "nmos_180": [],
  "nmos_270": [],
  "nmos_90": [],
  "pmos-cross_0": [
    [
      88,
      329,
      157,
      393
    ]
  ],
  "pmos-cross_180": [],
  "pmos-cross_270": [],
  "pmos-cross_90": [],
  "pmos-mirror_0": [
    [
      86,
      47,
      159,
      118
    ]
  ],
  "pmos-mirror_180": [],
  "pmos-mirror_270": [],
  "pmos-mirror_90": [],
  "pmos_0": [
    [
      88,
      573,
      157,
      637
    ]
  ],
  "pmos_180": [],
  "pmos_270": [],
  "pmos_90": [],
  "resistor_0": [],
  "resistor_180": [],
  "resistor_270": [],
  "resistor_90": [],
  "vdd_0": [
    [
      25,
      22,
      60,
      88
    ],
    [
      25,
      357,
      60,
      423
    ],
    [
      25,
      601,
      60,
      667
    ]
  ],
  "voltage-lines_0": [],
  "voltage-mirror_0": [],
  "voltage_0": []
}