{
  "capacitor_0": [],
  "capacitor_180": [],
  "capacitor_270": [],
  "capacitor_90": [],
  "current-arrow_0": [
    [
      738,
      196,
      807,
      264
    ]
  ],
  "current-arrow_180": [],
  "current-arrow_270": [],
  "current-arrow_90": [],
  "current_0": [],
  "current_180": [],
  "current_270": [],
  "current_90": [],
  "gnd_0": [
    [
      848,
      211,
      887,
      249
    ],
    [
      848,
      638,
      887,
      676
    ],
    [
      848,
      943,
      887,
      981
    ]
  ],
  "gnd_180": [],
  "gnd_270": [],
  "gnd_90": [],
  "inductor_0": [],
  "inductor_180": [],
  "inductor_270": [],
  "inductor_90": [],
  "net-black_100": [
    [
      430,
      520,
      461,
      551
    ],
    [
      643,
      520,
      674,
      551
    ]
  ],
  "net-black_10": [],
  "net-black_1111": [],
  "net-black_111": [
    [
      642,
      214,
      672,
      244
    ]
  ],
  "net-black_120": [],
  "net-black_181": [],
  "net-black_190": [],
  "net-black_1": [],
  "net-black_201": [],
  "net-black_210": [],
  "net-black_21": [],
  "net-black_271": [],
  "net-black_280": [
    [
      765,
      1068,
      796,
      1099
    ]
  ],
  "net-black_291": [
    [
      307,
      947,
      337,
      977
    ],
    [
      337,
      642,
      367,
      672
    ],
    [
      551,
      947,
      581,
      977
    ]
  ],
  "net-black_300": [],
  "net-black_30": [
    [
      551,
      642,
      581,
      672
    ]
  ],
  "net-black_91": [],
  "net-white_100": [
    [
      551,
      733,
      581,
      763
    ],
    [
      581,
      1,
      611,
      31
    ],
    [
      581,
      428,
      611,
      458
    ]
  ],
  "net-white_10": [],
  "net-white_181": [],
  "net-white_190": [],
  "net-white_1": [],
  "net-white_271": [],
  "net-white_280": [
    [
      551,
      856,
      581,
      886
    ]
  ],
  "net-white_91": [],
  "nmos-cross_0": [
    [
      622,
      593,
      694,
      664
    ]
  ],
  "nmos-cross_180": [],
  "nmos-cross_270": [],
  "nmos-cross_90": [],
  "nmos-mirror-cross_0": [
    [
      746,
      960,
      815,
      1024
    ]
  ],
  "nmos-mirror-cross_180": [],
  "nmos-mirror-cross_270": [],
  "nmos-mirror-cross_90": [],
  "nmos-mirror_0": [
    [
      563,
      258,
      632,
      322
    ],
    [
      747,
      655,
      816,
      719
    ]
  ],
  "nmos-mirror_180": [],
  "nmos-mirror_270": [],
  "nmos-mirror_90": [],
  "nmos_0": [
    [
      560,
      137,
      633,
      208
    ],
    [
      622,
      900,
      695,
      971
    ]
  ],
  "nmos_180": [],
  "nmos_270": [],
  "nmos_90": [],
  "pmos-cross_0": [
    [
      412,
      597,
      481,
      661
    ]
  ],
  "pmos-cross_180": [],
  "pmos-cross_270": [],
  "pmos-cross_90": [],
  "pmos-mirror_0": [],
  "pmos-mirror_180": [],
  "pmos-mirror_270": [],
  "pmos-mirror_90": [],
  "pmos_0": [
    [
      166,
      903,
      235,
      967
    ],
    [
      227,
      597,
      296,
      661
    ],
    [
      412,
      902,
      481,
      966
    ]
  ],
  "pmos_180": [],
  "pmos_270": [],
  "pmos_90": [],
  "resistor_0": [],
  "resistor_180": [],
  "resistor_270": [],
  "resistor_90": [],
  "vdd_0": [
    [
      43,
      625,
      78,
      691
    ],
    [
      43,
      930,
      78,
      996
    ]
  ],
  "voltage-lines_0": [],
  "voltage-mirror_0": [],
  "voltage_0": []
}