{
  "capacitor_0": [
    [
      97,
      646,
      133,
      707
    ]
  ],
  "capacitor_180": [
    [
      372,
      158,
      408,
      219
    ]
  ],
  "capacitor_270": [],
  "capacitor_90": [],
  "current-arrow_0": [],
  "current-arrow_180": [],
  "current-arrow_270": [],
  "current-arrow_90": [],
  "current_0": [],
  "current_180": [],
  "current_270": [],
  "current_90": [],
  "gnd_0": [
    [
      454,
      169,
      493,
      207
    ],
    [
      484,
      322,
      523,
      360
    ],
    [
      637,
      596,
      676,
      634
    ]
  ],
  "gnd_180": [],
  "gnd_270": [],
  "gnd_90": [],
  "inductor_0": [],
  "inductor_180": [],
  "inductor_270": [],
  "inductor_90": [],
  "net-black_100": [],
  "net-black_10": [],
  "net-black_1111": [],
  "net-black_111": [],
  "net-black_120": [],
  "net-black_181": [],
  "net-black_190": [],
  "net-black_1": [],
  "net-black_201": [
    [
      281,
      173,
      311,
      203
    ]
  ],
  "net-black_210": [],
  "net-black_21": [],
  "net-black_271": [],
  "net-black_280": [],
  "net-black_291": [
    [
      281,
      325,
      311,
      355
    ]
  ],
  "net-black_300": [],
  "net-black_30": [
    [
      188,
      600,
      218,
      630
    ]
  ],
  "net-black_91": [],
  "net-white_100": [],
  "net-white_10": [],
  "net-white_181": [],
  "net-white_190": [],
  "net-white_1": [],
  "net-white_271": [],
  "net-white_280": [
    [
      280,
      112,
      310,
      142
    ],
    [
      553,
      356,
      583,
      386
    ]
  ],
  "net-white_91": [],
  "nmos-cross_0": [],
  "nmos-cross_180": [],
  "nmos-cross_270": [],
  "nmos-cross_90": [],
  "nmos-mirror-cross_0": [],
  "nmos-mirror-cross_180": [],
  "nmos-mirror-cross_270": [],
  "nmos-mirror-cross_90": [],
  "nmos-mirror_0": [],
  "nmos-mirror_180": [],
  "nmos-mirror_270": [],
  "nmos-mirror_90": [],
  "nmos_0": [
    [
      533,
      552,
      606,
      623
    ]
  ],
  "nmos_180": [],
  "nmos_270": [],
  "nmos_90": [],
  "pmos-cross_0": [],
  "pmos-cross_180": [],
  "pmos-cross_270": [],
  "pmos-cross_90": [],
  "pmos-mirror_0": [
    [
      168,
      333,
      241,
      404
    ]
  ],
  "pmos-mirror_180": [],
  "pmos-mirror_270": [],
  "pmos-mirror_90": [],
  "pmos_0": [],
  "pmos_180": [],
  "pmos_270": [],
  "pmos_90": [],
  "resistor_0": [
    [
      86,
      590,
      146,
      640
    ]
  ],
  "resistor_180": [
    [
      356,
      316,
      416,
      366
    ]
  ],
  "resistor_270": [],
  "resistor_90": [
    [
      544,
      438,
      595,
      494
    ]
  ],
  "vdd_0": [
    [
      45,
      311,
      80,
      371
    ],
    [
      45,
      371,
      80,
      431
    ],
    [
      45,
      431,
      80,
      491
    ],
    [
      45,
      491,
      80,
      551
    ],
    [
      45,
      585,
      80,
      645
    ],
    [
      45,
      646,
      80,
      706
    ]
  ],
  "voltage-lines_0": [],
  "voltage-mirror_0": [],
  "voltage_0": []
}