{
  "capacitor_0": [],
  "capacitor_180": [],
  "capacitor_270": [],
  "capacitor_90": [],
  "current-arrow_0": [],
  "current-arrow_180": [],
  "current-arrow_270": [],
  "current-arrow_90": [],
  "current_0": [],
  "current_180": [],
  "current_270": [],
  "current_90": [],
  "gnd_0": [
    [
      394,
      327,
      433,
      365
    ],
    [
      424,
      22,
      463,
      60
    ],
    [
      669,
      144,
      708,
      182
    ],
    [
      669,
      357,
      708,
      395
    ]
  ],
  "gnd_180": [],
  "gnd_270": [],
  "gnd_90": [],
  "inductor_0": [],
  "inductor_180": [],
  "inductor_270": [],
  "inductor_90": [],
  "net-black_100": [],
  "net-black_10": [],
  "net-black_1111": [],
  "net-black_111": [
    [
      310,
      149,
      340,
      179
    ]
  ],
  "net-black_120": [
    [
      219,
      423,
      249,
      453
    ]
  ],
  "net-black_181": [],
  "net-black_190": [],
  "net-black_1": [],
  "net-black_201": [],
  "net-black_210": [],
  "net-black_21": [],
  "net-black_271": [],
  "net-black_280": [],
  "net-black_291": [],
  "net-black_300": [],
  "net-black_30": [
    [
      219,
      331,
      249,
      361
    ],
    [
      494,
      148,
      524,
      178
    ]
  ],
  "net-black_91": [],
  "net-white_100": [
    [
      219,
      483,
      249,
      513
    ]
  ],
  "net-white_10": [],
  "net-white_181": [],
  "net-white_190": [
    [
      371,
      423,
      401,
      453
    ]
  ],
  "net-white_1": [],
  "net-white_271": [],
  "net-white_280": [],
  "net-white_91": [],
  "nmos-cross_0": [],
  "nmos-cross_180": [],
  "nmos-cross_270": [],
  "nmos-cross_90": [],
  "nmos-mirror-cross_0": [],
  "nmos-mirror-cross_180": [],
  "nmos-mirror-cross_270": [],
  "nmos-mirror-cross_90": [],
  "nmos-mirror_0": [],
  "nmos-mirror_180": [],
  "nmos-mirror_270": [],
  "nmos-mirror_90": [],
  "nmos_0": [
    [
      290,
      283,
      363,
      354
    ],
    [
      351,
      100,
      424,
      171
    ]
  ],
  "nmos_180": [],
  "nmos_270": [],
  "nmos_90": [],
  "pmos-cross_0": [],
  "pmos-cross_180": [],
  "pmos-cross_270": [],
  "pmos-cross_90": [],
  "pmos-mirror_0": [],
  "pmos-mirror_180": [],
  "pmos-mirror_270": [],
  "pmos-mirror_90": [],
  "pmos_0": [],
  "pmos_180": [],
  "pmos_270": [],
  "pmos_90": [],
  "resistor_0": [
    [
      575,
      138,
      635,
      188
    ]
  ],
  "resistor_180": [
    [
      113,
      321,
      173,
      371
    ],
    [
      174,
      138,
      234,
      188
    ]
  ],
  "resistor_270": [],
  "resistor_90": [
    [
      484,
      230,
      535,
      286
    ]
  ],
  "vdd_0": [
    [
      47,
      130,
      82,
      196
    ],
    [
      47,
      313,
      82,
      379
    ]
  ],
  "voltage-lines_0": [],
  "voltage-mirror_0": [],
  "voltage_0": [
    [
      552,
      316,
      650,
      414
    ]
  ]
}