{
  "capacitor_0": [],
  "capacitor_180": [
    [
      115,
      672,
      151,
      733
    ],
    [
      390,
      184,
      426,
      245
    ]
  ],
  "capacitor_270": [],
  "capacitor_90": [
    [
      283,
      432,
      344,
      468
    ]
  ],
  "current-arrow_0": [],
  "current-arrow_180": [],
  "current-arrow_270": [],
  "current-arrow_90": [],
  "current_0": [],
  "current_180": [],
  "current_270": [],
  "current_90": [],
  "gnd_0": [
    [
      472,
      195,
      511,
      233
    ],
    [
      502,
      348,
      541,
      386
    ],
    [
      655,
      622,
      694,
      660
    ]
  ],
  "gnd_180": [],
  "gnd_270": [],
  "gnd_90": [],
  "inductor_0": [],
  "inductor_180": [],
  "inductor_270": [],
  "inductor_90": [],
  "net-black_100": [],
  "net-black_10": [],
  "net-black_1111": [
    [
      206,
      626,
      236,
      656
    ]
  ],
  "net-black_111": [
    [
      206,
      504,
      236,
      534
    ],
    [
      298,
      199,
      328,
      229
    ]
  ],
  "net-black_120": [],
  "net-black_181": [],
  "net-black_190": [],
  "net-black_1": [],
  "net-black_201": [],
  "net-black_210": [],
  "net-black_21": [],
  "net-black_271": [],
  "net-black_280": [],
  "net-black_291": [
    [
      297,
      352,
      327,
      382
    ]
  ],
  "net-black_300": [],
  "net-black_30": [],
  "net-black_91": [],
  "net-white_100": [],
  "net-white_10": [],
  "net-white_181": [],
  "net-white_190": [],
  "net-white_1": [],
  "net-white_271": [],
  "net-white_280": [
    [
      297,
      139,
      327,
      169
    ],
    [
      571,
      381,
      603,
      413
    ]
  ],
  "net-white_91": [],
  "nmos-cross_0": [],
  "nmos-cross_180": [],
  "nmos-cross_270": [],
  "nmos-cross_90": [],
  "nmos-mirror-cross_0": [],
  "nmos-mirror-cross_180": [],
  "nmos-mirror-cross_270": [],
  "nmos-mirror-cross_90": [],
  "nmos-mirror_0": [],
  "nmos-mirror_180": [],
  "nmos-mirror_270": [],
  "nmos-mirror_90": [],
  "nmos_0": [
    [
      551,
      578,
      624,
      649
    ]
  ],
  "nmos_180": [],
  "nmos_270": [],
  "nmos_90": [],
  "pmos-cross_0": [],
  "pmos-cross_180": [],
  "pmos-cross_270": [],
  "pmos-cross_90": [],
  "pmos-mirror_0": [
    [
      186,
      360,
      259,
      431
    ]
  ],
  "pmos-mirror_180": [],
  "pmos-mirror_270": [],
  "pmos-mirror_90": [],
  "pmos_0": [],
  "pmos_180": [],
  "pmos_270": [],
  "pmos_90": [],
  "resistor_0": [
    [
      104,
      617,
      164,
      667
    ]
  ],
  "resistor_180": [
    [
      374,
      342,
      434,
      392
    ]
  ],
  "resistor_270": [],
  "resistor_90": [
    [
      562,
      464,
      613,
      520
    ]
  ],
  "vdd_0": [
    [
      63,
      337,
      98,
      397
    ],
    [
      63,
      397,
      98,
      457
    ],
    [
      63,
      457,
      98,
      517
    ],
    [
      63,
      517,
      98,
      577
    ],
    [
      63,
      611,
      98,
      671
    ],
    [
      63,
      672,
      98,
      732
    ]
  ],
  "voltage-lines_0": [],
  "voltage-mirror_0": [],
  "voltage_0": []
}