{
  "capacitor_0": [],
  "capacitor_180": [
    [
      105,
      615,
      141,
      676
    ],
    [
      410,
      951,
      446,
      1012
    ]
  ],
  "capacitor_270": [],
  "capacitor_90": [
    [
      303,
      802,
      364,
      838
    ]
  ],
  "current-arrow_0": [],
  "current-arrow_180": [],
  "current-arrow_270": [],
  "current-arrow_90": [],
  "current_0": [
    [
      416,
      449,
      463,
      477
    ]
  ],
  "current_180": [],
  "current_270": [],
  "current_90": [],
  "gnd_0": [
    [
      492,
      962,
      531,
      1000
    ],
    [
      614,
      108,
      653,
      146
    ],
    [
      614,
      443,
      653,
      481
    ],
    [
      614,
      870,
      653,
      908
    ]
  ],
  "gnd_180": [],
  "gnd_270": [],
  "gnd_90": [],
  "inductor_0": [],
  "inductor_180": [],
  "inductor_270": [],
  "inductor_90": [],
  "net-black_100": [],
  "net-black_10": [],
  "net-black_1111": [
    [
      195,
      630,
      225,
      660
    ],
    [
      317,
      874,
      347,
      904
    ]
  ],
  "net-black_111": [
    [
      318,
      966,
      348,
      996
    ]
  ],
  "net-black_120": [
    [
      256,
      326,
      286,
      356
    ]
  ],
  "net-black_181": [],
  "net-black_190": [],
  "net-black_1": [],
  "net-black_201": [],
  "net-black_210": [],
  "net-black_21": [
    [
      530,
      203,
      560,
      233
    ]
  ],
  "net-black_271": [],
  "net-black_280": [],
  "net-black_291": [
    [
      347,
      448,
      377,
      478
    ]
  ],
  "net-black_300": [],
  "net-black_30": [
    [
      439,
      112,
      469,
      142
    ]
  ],
  "net-black_91": [],
  "net-white_100": [
    [
      318,
      1057,
      348,
      1087
    ]
  ],
  "net-white_10": [],
  "net-white_181": [],
  "net-white_190": [],
  "net-white_1": [],
  "net-white_271": [],
  "net-white_280": [
    [
      195,
      570,
      225,
      600
    ]
  ],
  "net-white_91": [],
  "nmos-cross_0": [
    [
      510,
      399,
      582,
      470
    ]
  ],
  "nmos-cross_180": [],
  "nmos-cross_270": [],
  "nmos-cross_90": [],
  "nmos-mirror-cross_0": [],
  "nmos-mirror-cross_180": [],
  "nmos-mirror-cross_270": [],
  "nmos-mirror-cross_90": [],
  "nmos-mirror_0": [
    [
      512,
      125,
      581,
      189
    ]
  ],
  "nmos-mirror_180": [],
  "nmos-mirror_270": [],
  "nmos-mirror_90": [],
  "nmos_0": [
    [
      510,
      827,
      583,
      898
    ]
  ],
  "nmos_180": [],
  "nmos_270": [],
  "nmos_90": [],
  "pmos-cross_0": [],
  "pmos-cross_180": [],
  "pmos-cross_270": [],
  "pmos-cross_90": [],
  "pmos-mirror_0": [
    [
      237,
      120,
      310,
      191
    ]
  ],
  "pmos-mirror_180": [],
  "pmos-mirror_270": [],
  "pmos-mirror_90": [],
  "pmos_0": [
    [
      178,
      829,
      247,
      893
    ],
    [
      239,
      402,
      308,
      466
    ]
  ],
  "pmos_180": [],
  "pmos_270": [],
  "pmos_90": [],
  "resistor_0": [
    [
      124,
      438,
      184,
      488
    ]
  ],
  "resistor_180": [],
  "resistor_270": [
    [
      308,
      715,
      359,
      771
    ]
  ],
  "resistor_90": [],
  "vdd_0": [
    [
      54,
      95,
      89,
      161
    ],
    [
      54,
      430,
      89,
      496
    ],
    [
      54,
      613,
      89,
      679
    ],
    [
      54,
      857,
      89,
      923
    ]
  ],
  "voltage-lines_0": [],
  "voltage-mirror_0": [],
  "voltage_0": []
}