{
  "capacitor_0": [],
  "capacitor_180": [],
  "capacitor_270": [],
  "capacitor_90": [],
  "current-arrow_0": [],
  "current-arrow_180": [],
  "current-arrow_270": [],
  "current-arrow_90": [],
  "current_0": [],
  "current_180": [],
  "current_270": [],
  "current_90": [],
  "gnd_0": [
    [
      492,
      54,
      531,
      92
    ],
    [
      492,
      572,
      531,
      610
    ],
    [
      584,
      694,
      623,
      732
    ],
    [
      614,
      389,
      653,
      427
    ]
  ],
  "gnd_180": [],
  "gnd_270": [],
  "gnd_90": [],
  "inductor_0": [],
  "inductor_180": [],
  "inductor_270": [],
  "inductor_90": [],
  "net-black_100": [],
  "net-black_10": [],
  "net-black_1111": [],
  "net-black_111": [
    [
      135,
      271,
      165,
      301
    ],
    [
      287,
      394,
      317,
      424
    ]
  ],
  "net-black_120": [],
  "net-black_181": [],
  "net-black_190": [],
  "net-black_1": [],
  "net-black_201": [],
  "net-black_210": [],
  "net-black_21": [
    [
      408,
      149,
      438,
      179
    ]
  ],
  "net-black_271": [],
  "net-black_280": [],
  "net-black_291": [
    [
      226,
      393,
      256,
      423
    ],
    [
      409,
      698,
      439,
      728
    ]
  ],
  "net-black_300": [],
  "net-black_30": [
    [
      226,
      698,
      256,
      728
    ],
    [
      318,
      57,
      348,
      87
    ]
  ],
  "net-black_91": [],
  "net-white_100": [],
  "net-white_10": [],
  "net-white_181": [],
  "net-white_190": [],
  "net-white_1": [],
  "net-white_271": [],
  "net-white_280": [],
  "net-white_91": [],
  "nmos-cross_0": [],
  "nmos-cross_180": [],
  "nmos-cross_270": [],
  "nmos-cross_90": [],
  "nmos-mirror-cross_0": [],
  "nmos-mirror-cross_180": [],
  "nmos-mirror-cross_270": [],
  "nmos-mirror-cross_90": [],
  "nmos-mirror_0": [
    [
      391,
      70,
      460,
      134
    ],
    [
      391,
      588,
      460,
      652
    ],
    [
      482,
      710,
      551,
      774
    ]
  ],
  "nmos-mirror_180": [],
  "nmos-mirror_270": [],
  "nmos-mirror_90": [],
  "nmos_0": [
    [
      391,
      348,
      458,
      410
    ]
  ],
  "nmos_180": [],
  "nmos_270": [],
  "nmos_90": [],
  "pmos-cross_0": [],
  "pmos-cross_180": [],
  "pmos-cross_270": [],
  "pmos-cross_90": [],
  "pmos-mirror_0": [
    [
      115,
      65,
      188,
      136
    ]
  ],
  "pmos-mirror_180": [],
  "pmos-mirror_270": [],
  "pmos-mirror_90": [],
  "pmos_0": [
    [
      117,
      348,
      186,
      412
    ]
  ],
  "pmos_180": [],
  "pmos_270": [],
  "pmos_90": [],
  "resistor_0": [
    [
      521,
      383,
      581,
      433
    ]
  ],
  "resistor_180": [
    [
      120,
      688,
      180,
      738
    ],
    [
      303,
      688,
      363,
      738
    ]
  ],
  "resistor_270": [],
  "resistor_90": [],
  "vdd_0": [
    [
      53,
      43,
      88,
      103
    ],
    [
      53,
      180,
      88,
      240
    ],
    [
      53,
      377,
      88,
      437
    ],
    [
      53,
      437,
      88,
      497
    ],
    [
      53,
      497,
      88,
      557
    ],
    [
      53,
      557,
      88,
      617
    ],
    [
      53,
      617,
      88,
      677
    ],
    [
      53,
      683,
      88,
      743
    ]
  ],
  "voltage-lines_0": [],
  "voltage-mirror_0": [],
  "voltage_0": []
}