{
  "capacitor_0": [],
  "capacitor_180": [],
  "capacitor_270": [
    [
      537,
      520,
      603,
      557
    ]
  ],
  "capacitor_90": [
    [
      217,
      295,
      283,
      332
    ],
    [
      217,
      519,
      283,
      556
    ],
    [
      408,
      295,
      474,
      332
    ],
    [
      408,
      519,
      474,
      556
    ]
  ],
  "current-arrow_0": [],
  "current-arrow_180": [],
  "current-arrow_270": [],
  "current-arrow_90": [],
  "current_0": [],
  "current_180": [],
  "current_270": [],
  "current_90": [],
  "gnd_0": [],
  "gnd_180": [],
  "gnd_270": [],
  "gnd_90": [],
  "inductor_0": [],
  "inductor_180": [],
  "inductor_270": [],
  "inductor_90": [],
  "net-black_100": [],
  "net-black_10": [],
  "net-black_1111": [
    [
      234,
      403,
      264,
      433
    ],
    [
      330,
      212,
      360,
      242
    ],
    [
      425,
      403,
      455,
      433
    ]
  ],
  "net-black_111": [
    [
      330,
      180,
      360,
      210
    ],
    [
      330,
      595,
      360,
      625
    ]
  ],
  "net-black_120": [],
  "net-black_181": [],
  "net-black_190": [],
  "net-black_1": [],
  "net-black_201": [],
  "net-black_210": [],
  "net-black_21": [],
  "net-black_271": [],
  "net-black_280": [],
  "net-black_291": [
    [
      425,
      595,
      455,
      625
    ]
  ],
  "net-black_300": [],
  "net-black_30": [],
  "net-black_91": [],
  "net-white_100": [
    [
      328,
      689,
      360,
      721
    ]
  ],
  "net-white_10": [
    [
      106,
      402,
      138,
      434
    ]
  ],
  "net-white_181": [],
  "net-white_190": [
    [
      647,
      402,
      679,
      434
    ]
  ],
  "net-white_1": [],
  "net-white_271": [],
  "net-white_280": [
    [
      329,
      84,
      361,
      116
    ]
  ],
  "net-white_91": [],
  "nmos-cross_0": [],
  "nmos-cross_180": [],
  "nmos-cross_270": [],
  "nmos-cross_90": [],
  "nmos-mirror-cross_0": [],
  "nmos-mirror-cross_180": [],
  "nmos-mirror-cross_270": [],
  "nmos-mirror-cross_90": [],
  "nmos-mirror_0": [],
  "nmos-mirror_180": [],
  "nmos-mirror_270": [],
  "nmos-mirror_90": [],
  "nmos_0": [
    [
      307,
      353,
      382,
      424
    ]
  ],
  "nmos_180": [],
  "nmos_270": [],
  "nmos_90": [],
  "pmos-cross_0": [],
  "pmos-cross_180": [],
  "pmos-cross_270": [],
  "pmos-cross_90": [],
  "pmos-mirror_0": [],
  "pmos-mirror_180": [],
  "pmos-mirror_270": [],
  "pmos-mirror_90": [],
  "pmos_0": [],
  "pmos_180": [],
  "pmos_270": [],
  "pmos_90": [],
  "resistor_0": [],
  "resistor_180": [],
  "resistor_270": [],
  "resistor_90": [],
  "vdd_0": [],
  "voltage-lines_0": [],
  "voltage-mirror_0": [],
  "voltage_0": []
}