{
  "capacitor_0": [],
  "capacitor_180": [],
  "capacitor_270": [],
  "capacitor_90": [],
  "current-arrow_0": [
    [
      491,
      464,
      562,
      536
    ]
  ],
  "current-arrow_180": [],
  "current-arrow_270": [],
  "current-arrow_90": [],
  "current_0": [],
  "current_180": [],
  "current_270": [],
  "current_90": [],
  "gnd_0": [
    [
      604,
      478,
      648,
      521
    ],
    [
      763,
      96,
      807,
      139
    ],
    [
      763,
      861,
      807,
      904
    ]
  ],
  "gnd_180": [],
  "gnd_270": [],
  "gnd_90": [],
  "inductor_0": [],
  "inductor_180": [],
  "inductor_270": [],
  "inductor_90": [],
  "net-black_100": [],
  "net-black_10": [
    [
      199,
      485,
      230,
      516
    ]
  ],
  "net-black_1111": [
    [
      232,
      325,
      262,
      355
    ]
  ],
  "net-black_111": [
    [
      136,
      485,
      166,
      515
    ],
    [
      424,
      485,
      454,
      515
    ]
  ],
  "net-black_120": [],
  "net-black_181": [],
  "net-black_190": [],
  "net-black_1": [],
  "net-black_201": [],
  "net-black_210": [],
  "net-black_21": [
    [
      487,
      868,
      517,
      898
    ],
    [
      678,
      198,
      708,
      228
    ]
  ],
  "net-black_271": [],
  "net-black_280": [],
  "net-black_291": [],
  "net-black_300": [],
  "net-black_30": [
    [
      232,
      644,
      262,
      674
    ],
    [
      615,
      102,
      645,
      132
    ]
  ],
  "net-black_91": [],
  "net-white_100": [
    [
      486,
      962,
      518,
      994
    ]
  ],
  "net-white_10": [],
  "net-white_181": [],
  "net-white_190": [],
  "net-white_1": [],
  "net-white_271": [],
  "net-white_280": [
    [
      358,
      197,
      390,
      229
    ],
    [
      455,
      197,
      487,
      229
    ]
  ],
  "net-white_91": [],
  "nmos-cross_0": [],
  "nmos-cross_180": [],
  "nmos-cross_270": [],
  "nmos-cross_90": [],
  "nmos-mirror-cross_0": [],
  "nmos-mirror-cross_180": [],
  "nmos-mirror-cross_270": [],
  "nmos-mirror-cross_90": [],
  "nmos-mirror_0": [
    [
      339,
      656,
      413,
      725
    ],
    [
      658,
      114,
      732,
      183
    ]
  ],
  "nmos-mirror_180": [],
  "nmos-mirror_270": [],
  "nmos-mirror_90": [],
  "nmos_0": [
    [
      337,
      275,
      412,
      346
    ],
    [
      656,
      817,
      731,
      888
    ]
  ],
  "nmos_180": [
    [
      116,
      336,
      191,
      407
    ],
    [
      212,
      113,
      287,
      184
    ]
  ],
  "nmos_270": [],
  "nmos_90": [],
  "pmos-cross_0": [],
  "pmos-cross_180": [],
  "pmos-cross_270": [],
  "pmos-cross_90": [],
  "pmos-mirror_0": [],
  "pmos-mirror_180": [],
  "pmos-mirror_270": [],
  "pmos-mirror_90": [],
  "pmos_0": [
    [
      117,
      595,
      191,
      664
    ],
    [
      212,
      818,
      286,
      887
    ]
  ],
  "pmos_180": [],
  "pmos_270": [],
  "pmos_90": [],
  "resistor_0": [],
  "resistor_180": [],
  "resistor_270": [],
  "resistor_90": [],
  "vdd_0": [
    [
      52,
      85,
      87,
      151
    ],
    [
      52,
      308,
      87,
      374
    ],
    [
      52,
      627,
      87,
      693
    ],
    [
      52,
      850,
      87,
      916
    ]
  ],
  "voltage-lines_0": [],
  "voltage-mirror_0": [],
  "voltage_0": []
}