{
  "capacitor_0": [],
  "capacitor_180": [],
  "capacitor_270": [],
  "capacitor_90": [],
  "current-arrow_0": [
    [
      812,
      392,
      883,
      464
    ]
  ],
  "current-arrow_180": [],
  "current-arrow_270": [],
  "current-arrow_90": [],
  "current_0": [],
  "current_180": [],
  "current_270": [],
  "current_90": [],
  "gnd_0": [
    [
      925,
      406,
      969,
      449
    ]
  ],
  "gnd_180": [],
  "gnd_270": [],
  "gnd_90": [],
  "inductor_0": [],
  "inductor_180": [],
  "inductor_270": [],
  "inductor_90": [],
  "net-black_100": [
    [
      555,
      126,
      586,
      157
    ]
  ],
  "net-black_10": [],
  "net-black_1111": [
    [
      234,
      253,
      264,
      283
    ]
  ],
  "net-black_111": [
    [
      139,
      349,
      169,
      379
    ],
    [
      330,
      349,
      360,
      379
    ],
    [
      745,
      412,
      775,
      442
    ]
  ],
  "net-black_120": [],
  "net-black_181": [],
  "net-black_190": [],
  "net-black_1": [],
  "net-black_201": [],
  "net-black_210": [],
  "net-black_21": [
    [
      459,
      572,
      489,
      602
    ]
  ],
  "net-black_271": [],
  "net-black_280": [],
  "net-black_291": [],
  "net-black_300": [],
  "net-black_30": [
    [
      426,
      253,
      456,
      283
    ]
  ],
  "net-black_91": [],
  "net-white_100": [
    [
      458,
      666,
      490,
      698
    ]
  ],
  "net-white_10": [],
  "net-white_181": [],
  "net-white_190": [],
  "net-white_1": [],
  "net-white_271": [],
  "net-white_280": [
    [
      679,
      92,
      711,
      124
    ],
    [
      776,
      92,
      808,
      124
    ]
  ],
  "net-white_91": [],
  "nmos-cross_0": [
    [
      530,
      203,
      605,
      274
    ]
  ],
  "nmos-cross_180": [],
  "nmos-cross_270": [],
  "nmos-cross_90": [],
  "nmos-mirror-cross_0": [],
  "nmos-mirror-cross_180": [],
  "nmos-mirror-cross_270": [],
  "nmos-mirror-cross_90": [],
  "nmos-mirror_0": [
    [
      660,
      584,
      734,
      653
    ]
  ],
  "nmos-mirror_180": [],
  "nmos-mirror_270": [],
  "nmos-mirror_90": [],
  "nmos_0": [
    [
      531,
      521,
      606,
      592
    ],
    [
      658,
      203,
      733,
      274
    ]
  ],
  "nmos_180": [],
  "nmos_270": [],
  "nmos_90": [],
  "pmos-cross_0": [],
  "pmos-cross_180": [],
  "pmos-cross_270": [],
  "pmos-cross_90": [],
  "pmos-mirror_0": [
    [
      119,
      263,
      192,
      334
    ],
    [
      310,
      263,
      383,
      334
    ]
  ],
  "pmos-mirror_180": [],
  "pmos-mirror_270": [],
  "pmos-mirror_90": [],
  "pmos_0": [
    [
      119,
      522,
      193,
      591
    ],
    [
      310,
      522,
      384,
      591
    ]
  ],
  "pmos_180": [],
  "pmos_270": [],
  "pmos_90": [],
  "resistor_0": [],
  "resistor_180": [],
  "resistor_270": [],
  "resistor_90": [],
  "vdd_0": [
    [
      54,
      236,
      89,
      302
    ],
    [
      54,
      554,
      89,
      620
    ]
  ],
  "voltage-lines_0": [],
  "voltage-mirror_0": [],
  "voltage_0": []
}