{
  "capacitor_0": [],
  "capacitor_180": [],
  "capacitor_270": [],
  "capacitor_90": [],
  "current-arrow_0": [],
  "current-arrow_180": [],
  "current-arrow_270": [],
  "current-arrow_90": [],
  "current_0": [],
  "current_180": [],
  "current_270": [],
  "current_90": [],
  "gnd_0": [
    [
      673,
      254,
      712,
      292
    ],
    [
      704,
      651,
      743,
      689
    ],
    [
      704,
      956,
      743,
      994
    ]
  ],
  "gnd_180": [],
  "gnd_270": [],
  "gnd_90": [],
  "inductor_0": [],
  "inductor_180": [],
  "inductor_270": [],
  "inductor_90": [],
  "net-black_100": [
    [
      285,
      533,
      316,
      564
    ],
    [
      499,
      533,
      530,
      564
    ],
    [
      590,
      137,
      621,
      168
    ]
  ],
  "net-black_10": [],
  "net-black_1111": [],
  "net-black_111": [],
  "net-black_120": [
    [
      498,
      258,
      528,
      288
    ]
  ],
  "net-black_181": [],
  "net-black_190": [],
  "net-black_1": [
    [
      101,
      1082,
      132,
      1113
    ],
    [
      620,
      1082,
      651,
      1113
    ]
  ],
  "net-black_201": [],
  "net-black_210": [],
  "net-black_21": [],
  "net-black_271": [],
  "net-black_280": [],
  "net-black_291": [
    [
      163,
      655,
      193,
      685
    ],
    [
      193,
      960,
      223,
      990
    ],
    [
      407,
      960,
      437,
      990
    ]
  ],
  "net-black_300": [],
  "net-black_30": [
    [
      407,
      654,
      437,
      684
    ]
  ],
  "net-black_91": [],
  "net-white_100": [
    [
      407,
      746,
      437,
      776
    ]
  ],
  "net-white_10": [],
  "net-white_181": [],
  "net-white_190": [],
  "net-white_1": [],
  "net-white_271": [],
  "net-white_280": [
    [
      407,
      869,
      437,
      899
    ],
    [
      437,
      76,
      467,
      106
    ],
    [
      528,
      76,
      558,
      106
    ]
  ],
  "net-white_91": [],
  "nmos-cross_0": [
    [
      478,
      606,
      550,
      677
    ]
  ],
  "nmos-cross_180": [],
  "nmos-cross_270": [],
  "nmos-cross_90": [],
  "nmos-mirror-cross_0": [
    [
      602,
      972,
      671,
      1036
    ]
  ],
  "nmos-mirror-cross_180": [],
  "nmos-mirror-cross_270": [],
  "nmos-mirror-cross_90": [],
  "nmos-mirror_0": [
    [
      418,
      332,
      487,
      396
    ],
    [
      602,
      667,
      671,
      731
    ]
  ],
  "nmos-mirror_180": [],
  "nmos-mirror_270": [],
  "nmos-mirror_90": [],
  "nmos_0": [
    [
      416,
      151,
      489,
      222
    ],
    [
      478,
      912,
      551,
      983
    ],
    [
      571,
      213,
      638,
      275
    ]
  ],
  "nmos_180": [],
  "nmos_270": [],
  "nmos_90": [],
  "pmos-cross_0": [
    [
      268,
      609,
      337,
      673
    ]
  ],
  "pmos-cross_180": [],
  "pmos-cross_270": [],
  "pmos-cross_90": [],
  "pmos-mirror_0": [
    [
      83,
      663,
      156,
      734
    ],
    [
      83,
      968,
      156,
      1039
    ]
  ],
  "pmos-mirror_180": [],
  "pmos-mirror_270": [],
  "pmos-mirror_90": [],
  "pmos_0": [
    [
      268,
      915,
      337,
      979
    ]
  ],
  "pmos_180": [],
  "pmos_270": [],
  "pmos_90": [],
  "resistor_0": [],
  "resistor_180": [],
  "resistor_270": [],
  "resistor_90": [],
  "vdd_0": [
    [
      22,
      942,
      57,
      1008
    ]
  ],
  "voltage-lines_0": [],
  "voltage-mirror_0": [],
  "voltage_0": []
}