{
  "capacitor_0": [
    [
      327,
      610,
      363,
      671
    ]
  ],
  "capacitor_180": [],
  "capacitor_270": [],
  "capacitor_90": [],
  "current-arrow_0": [],
  "current-arrow_180": [],
  "current-arrow_270": [],
  "current-arrow_90": [],
  "current_0": [],
  "current_180": [],
  "current_270": [
    [
      207,
      476,
      235,
      523
    ],
    [
      275,
      475,
      303,
      522
    ]
  ],
  "current_90": [],
  "gnd_0": [
    [
      410,
      620,
      449,
      658
    ]
  ],
  "gnd_180": [],
  "gnd_270": [],
  "gnd_90": [],
  "inductor_0": [],
  "inductor_180": [],
  "inductor_270": [],
  "inductor_90": [],
  "net-black_100": [],
  "net-black_10": [
    [
      386,
      320,
      417,
      351
    ]
  ],
  "net-black_1111": [],
  "net-black_111": [],
  "net-black_120": [
    [
      235,
      624,
      265,
      654
    ]
  ],
  "net-black_181": [],
  "net-black_190": [],
  "net-black_1": [],
  "net-black_201": [],
  "net-black_210": [],
  "net-black_21": [],
  "net-black_271": [
    [
      82,
      319,
      113,
      350
    ]
  ],
  "net-black_280": [],
  "net-black_291": [
    [
      235,
      228,
      265,
      258
    ]
  ],
  "net-black_300": [],
  "net-black_30": [
    [
      235,
      411,
      265,
      441
    ]
  ],
  "net-black_91": [],
  "net-white_100": [
    [
      235,
      716,
      265,
      746
    ]
  ],
  "net-white_10": [],
  "net-white_181": [],
  "net-white_190": [],
  "net-white_1": [],
  "net-white_271": [],
  "net-white_280": [
    [
      235,
      107,
      265,
      137
    ]
  ],
  "net-white_91": [],
  "nmos-cross_0": [],
  "nmos-cross_180": [],
  "nmos-cross_270": [],
  "nmos-cross_90": [],
  "nmos-mirror-cross_0": [],
  "nmos-mirror-cross_180": [],
  "nmos-mirror-cross_270": [],
  "nmos-mirror-cross_90": [],
  "nmos-mirror_0": [],
  "nmos-mirror_180": [],
  "nmos-mirror_270": [],
  "nmos-mirror_90": [],
  "nmos_0": [],
  "nmos_180": [],
  "nmos_270": [],
  "nmos_90": [
    [
      157,
      299,
      228,
      372
    ]
  ],
  "pmos-cross_0": [],
  "pmos-cross_180": [],
  "pmos-cross_270": [],
  "pmos-cross_90": [],
  "pmos-mirror_0": [],
  "pmos-mirror_180": [],
  "pmos-mirror_270": [],
  "pmos-mirror_90": [
    [
      274,
      298,
      345,
      371
    ]
  ],
  "pmos_0": [],
  "pmos_180": [],
  "pmos_270": [],
  "pmos_90": [],
  "resistor_0": [],
  "resistor_180": [],
  "resistor_270": [],
  "resistor_90": [],
  "vdd_0": [],
  "voltage-lines_0": [],
  "voltage-mirror_0": [],
  "voltage_0": []
}