{
  "capacitor_0": [],
  "capacitor_180": [
    [
      373,
      766,
      409,
      827
    ]
  ],
  "capacitor_270": [],
  "capacitor_90": [],
  "current-arrow_0": [],
  "current-arrow_180": [],
  "current-arrow_270": [],
  "current-arrow_90": [],
  "current_0": [],
  "current_180": [],
  "current_270": [
    [
      229,
      549,
      262,
      601
    ]
  ],
  "current_90": [],
  "gnd_0": [
    [
      451,
      778,
      490,
      816
    ],
    [
      595,
      634,
      634,
      672
    ]
  ],
  "gnd_180": [],
  "gnd_270": [],
  "gnd_90": [],
  "inductor_0": [],
  "inductor_180": [],
  "inductor_270": [],
  "inductor_90": [],
  "net-black_100": [],
  "net-black_10": [],
  "net-black_1111": [],
  "net-black_111": [],
  "net-black_120": [
    [
      113,
      321,
      143,
      351
    ],
    [
      487,
      351,
      517,
      381
    ]
  ],
  "net-black_181": [],
  "net-black_190": [],
  "net-black_1": [],
  "net-black_201": [
    [
      258,
      637,
      288,
      667
    ]
  ],
  "net-black_210": [],
  "net-black_21": [],
  "net-black_271": [],
  "net-black_280": [],
  "net-black_291": [
    [
      430,
      638,
      460,
      668
    ]
  ],
  "net-black_300": [],
  "net-black_30": [
    [
      199,
      235,
      229,
      265
    ],
    [
      257,
      465,
      287,
      495
    ]
  ],
  "net-black_91": [],
  "net-white_100": [
    [
      257,
      810,
      287,
      840
    ]
  ],
  "net-white_10": [],
  "net-white_181": [],
  "net-white_190": [],
  "net-white_1": [],
  "net-white_271": [],
  "net-white_280": [
    [
      430,
      120,
      460,
      150
    ]
  ],
  "net-white_91": [],
  "nmos-cross_0": [],
  "nmos-cross_180": [],
  "nmos-cross_270": [],
  "nmos-cross_90": [],
  "nmos-mirror-cross_0": [],
  "nmos-mirror-cross_180": [],
  "nmos-mirror-cross_270": [],
  "nmos-mirror-cross_90": [],
  "nmos-mirror_0": [],
  "nmos-mirror_180": [
    [
      95,
      421,
      163,
      486
    ]
  ],
  "nmos-mirror_270": [],
  "nmos-mirror_90": [],
  "nmos_0": [
    [
      412,
      193,
      478,
      253
    ]
  ],
  "nmos_180": [
    [
      96,
      248,
      162,
      308
    ]
  ],
  "nmos_270": [],
  "nmos_90": [],
  "pmos-cross_0": [],
  "pmos-cross_180": [],
  "pmos-cross_270": [],
  "pmos-cross_90": [],
  "pmos-mirror_0": [],
  "pmos-mirror_180": [],
  "pmos-mirror_270": [],
  "pmos-mirror_90": [],
  "pmos_0": [],
  "pmos_180": [],
  "pmos_270": [],
  "pmos_90": [],
  "resistor_0": [
    [
      354,
      625,
      409,
      680
    ],
    [
      498,
      625,
      553,
      680
    ]
  ],
  "resistor_180": [],
  "resistor_270": [],
  "resistor_90": [],
  "vdd_0": [
    [
      37,
      218,
      72,
      284
    ],
    [
      37,
      448,
      72,
      514
    ],
    [
      353,
      884,
      388,
      944
    ]
  ],
  "voltage-lines_0": [],
  "voltage-mirror_0": [],
  "voltage_0": []
}