{
  "capacitor_0": [],
  "capacitor_180": [],
  "capacitor_270": [],
  "capacitor_90": [],
  "current-arrow_0": [
    [
      562,
      382,
      633,
      454
    ]
  ],
  "current-arrow_180": [],
  "current-arrow_270": [],
  "current-arrow_90": [],
  "current_0": [],
  "current_180": [],
  "current_270": [],
  "current_90": [
    [
      301,
      635,
      334,
      687
    ]
  ],
  "gnd_0": [
    [
      674,
      396,
      718,
      439
    ]
  ],
  "gnd_180": [],
  "gnd_270": [
    [
      298,
      785,
      341,
      829
    ]
  ],
  "gnd_90": [],
  "inductor_0": [],
  "inductor_180": [],
  "inductor_270": [],
  "inductor_90": [],
  "net-black_100": [],
  "net-black_10": [],
  "net-black_1111": [],
  "net-black_111": [
    [
      143,
      338,
      173,
      368
    ],
    [
      494,
      402,
      524,
      432
    ]
  ],
  "net-black_120": [],
  "net-black_181": [],
  "net-black_190": [],
  "net-black_1": [],
  "net-black_201": [],
  "net-black_210": [],
  "net-black_21": [],
  "net-black_271": [],
  "net-black_280": [],
  "net-black_291": [],
  "net-black_300": [],
  "net-black_30": [
    [
      239,
      242,
      269,
      272
    ],
    [
      303,
      561,
      333,
      591
    ]
  ],
  "net-black_91": [],
  "net-white_100": [
    [
      429,
      688,
      461,
      720
    ]
  ],
  "net-white_10": [],
  "net-white_181": [],
  "net-white_190": [],
  "net-white_1": [],
  "net-white_271": [],
  "net-white_280": [
    [
      429,
      114,
      461,
      146
    ]
  ],
  "net-white_91": [],
  "nmos-cross_0": [],
  "nmos-cross_180": [],
  "nmos-cross_270": [],
  "nmos-cross_90": [],
  "nmos-mirror-cross_0": [],
  "nmos-mirror-cross_180": [],
  "nmos-mirror-cross_270": [],
  "nmos-mirror-cross_90": [],
  "nmos-mirror_0": [
    [
      409,
      573,
      483,
      642
    ]
  ],
  "nmos-mirror_180": [],
  "nmos-mirror_270": [],
  "nmos-mirror_90": [],
  "nmos_0": [
    [
      407,
      192,
      482,
      263
    ]
  ],
  "nmos_180": [
    [
      123,
      253,
      198,
      324
    ]
  ],
  "nmos_270": [],
  "nmos_90": [],
  "pmos-cross_0": [],
  "pmos-cross_180": [],
  "pmos-cross_270": [],
  "pmos-cross_90": [],
  "pmos-mirror_0": [],
  "pmos-mirror_180": [],
  "pmos-mirror_270": [],
  "pmos-mirror_90": [],
  "pmos_0": [
    [
      123,
      512,
      197,
      581
    ]
  ],
  "pmos_180": [],
  "pmos_270": [],
  "pmos_90": [],
  "resistor_0": [],
  "resistor_180": [],
  "resistor_270": [],
  "resistor_90": [],
  "vdd_0": [
    [
      57,
      228,
      92,
      288
    ],
    [
      57,
      288,
      92,
      348
    ],
    [
      57,
      348,
      92,
      408
    ],
    [
      57,
      408,
      92,
      468
    ],
    [
      57,
      468,
      92,
      528
    ],
    [
      57,
      546,
      92,
      606
    ]
  ],
  "voltage-lines_0": [],
  "voltage-mirror_0": [],
  "voltage_0": []
}