{
  "capacitor_0": [],
  "capacitor_180": [],
  "capacitor_270": [],
  "capacitor_90": [],
  "current-arrow_0": [
    [
      450,
      297,
      519,
      365
    ]
  ],
  "current-arrow_180": [],
  "current-arrow_270": [],
  "current-arrow_90": [],
  "current_0": [],
  "current_180": [],
  "current_270": [],
  "current_90": [],
  "gnd_0": [
    [
      499,
      769,
      538,
      807
    ],
    [
      560,
      312,
      599,
      350
    ]
  ],
  "gnd_180": [],
  "gnd_270": [],
  "gnd_90": [],
  "inductor_0": [],
  "inductor_180": [],
  "inductor_270": [],
  "inductor_90": [],
  "net-black_100": [
    [
      142,
      102,
      173,
      133
    ]
  ],
  "net-black_10": [
    [
      476,
      560,
      507,
      591
    ]
  ],
  "net-black_1111": [
    [
      324,
      773,
      354,
      803
    ]
  ],
  "net-black_111": [
    [
      325,
      559,
      355,
      589
    ],
    [
      386,
      316,
      416,
      346
    ]
  ],
  "net-black_120": [],
  "net-black_181": [],
  "net-black_190": [],
  "net-black_1": [],
  "net-black_201": [],
  "net-black_210": [],
  "net-black_21": [],
  "net-black_271": [],
  "net-black_280": [],
  "net-black_291": [],
  "net-black_300": [],
  "net-black_30": [
    [
      233,
      224,
      263,
      254
    ]
  ],
  "net-black_91": [],
  "net-white_100": [
    [
      325,
      864,
      355,
      894
    ]
  ],
  "net-white_10": [],
  "net-white_181": [],
  "net-white_190": [],
  "net-white_1": [],
  "net-white_271": [],
  "net-white_280": [
    [
      324,
      102,
      354,
      132
    ]
  ],
  "net-white_91": [],
  "nmos-cross_0": [],
  "nmos-cross_180": [],
  "nmos-cross_270": [],
  "nmos-cross_90": [],
  "nmos-mirror-cross_0": [],
  "nmos-mirror-cross_180": [],
  "nmos-mirror-cross_270": [],
  "nmos-mirror-cross_90": [],
  "nmos-mirror_0": [
    [
      306,
      420,
      375,
      484
    ]
  ],
  "nmos-mirror_180": [],
  "nmos-mirror_270": [],
  "nmos-mirror_90": [],
  "nmos_0": [
    [
      303,
      177,
      376,
      248
    ]
  ],
  "nmos_180": [],
  "nmos_270": [],
  "nmos_90": [],
  "pmos-cross_0": [],
  "pmos-cross_180": [],
  "pmos-cross_270": [],
  "pmos-cross_90": [],
  "pmos-mirror_0": [],
  "pmos-mirror_180": [],
  "pmos-mirror_270": [],
  "pmos-mirror_90": [],
  "pmos_0": [
    [
      124,
      179,
      193,
      243
    ],
    [
      215,
      728,
      284,
      792
    ]
  ],
  "pmos_180": [],
  "pmos_270": [],
  "pmos_90": [],
  "resistor_0": [
    [
      406,
      764,
      466,
      814
    ]
  ],
  "resistor_180": [
    [
      401,
      550,
      461,
      600
    ]
  ],
  "resistor_270": [
    [
      315,
      644,
      366,
      700
    ]
  ],
  "resistor_90": [],
  "vdd_0": [
    [
      61,
      207,
      96,
      273
    ],
    [
      61,
      389,
      96,
      455
    ],
    [
      61,
      756,
      96,
      822
    ]
  ],
  "voltage-lines_0": [],
  "voltage-mirror_0": [],
  "voltage_0": []
}