{
  "capacitor_0": [],
  "capacitor_180": [],
  "capacitor_270": [],
  "capacitor_90": [],
  "current-arrow_0": [],
  "current-arrow_180": [],
  "current-arrow_270": [],
  "current-arrow_90": [],
  "current_0": [],
  "current_180": [],
  "current_270": [],
  "current_90": [],
  "gnd_0": [
    [
      766,
      732,
      805,
      770
    ],
    [
      766,
      1037,
      805,
      1075
    ],
    [
      827,
      244,
      866,
      282
    ],
    [
      827,
      366,
      866,
      404
    ]
  ],
  "gnd_180": [],
  "gnd_270": [],
  "gnd_90": [],
  "inductor_0": [],
  "inductor_180": [],
  "inductor_270": [],
  "inductor_90": [],
  "net-black_100": [],
  "net-black_10": [],
  "net-black_1111": [],
  "net-black_111": [
    [
      531,
      309,
      561,
      339
    ]
  ],
  "net-black_120": [],
  "net-black_181": [],
  "net-black_190": [],
  "net-black_1": [
    [
      621,
      401,
      652,
      432
    ]
  ],
  "net-black_201": [],
  "net-black_210": [],
  "net-black_21": [
    [
      682,
      309,
      712,
      339
    ]
  ],
  "net-black_271": [],
  "net-black_280": [],
  "net-black_291": [
    [
      194,
      737,
      224,
      767
    ],
    [
      225,
      1041,
      255,
      1071
    ],
    [
      408,
      737,
      438,
      767
    ],
    [
      469,
      1041,
      499,
      1071
    ]
  ],
  "net-black_300": [],
  "net-black_30": [],
  "net-black_91": [],
  "net-white_100": [],
  "net-white_10": [],
  "net-white_181": [],
  "net-white_190": [],
  "net-white_1": [],
  "net-white_271": [],
  "net-white_280": [
    [
      469,
      66,
      499,
      96
    ],
    [
      561,
      66,
      591,
      96
    ]
  ],
  "net-white_91": [],
  "nmos-cross_0": [
    [
      540,
      688,
      612,
      759
    ]
  ],
  "nmos-cross_180": [
    [
      115,
      1050,
      187,
      1121
    ]
  ],
  "nmos-cross_270": [],
  "nmos-cross_90": [],
  "nmos-mirror-cross_0": [
    [
      664,
      1054,
      733,
      1118
    ]
  ],
  "nmos-mirror-cross_180": [],
  "nmos-mirror-cross_270": [],
  "nmos-mirror-cross_90": [],
  "nmos-mirror_0": [
    [
      451,
      413,
      520,
      477
    ],
    [
      603,
      322,
      672,
      386
    ],
    [
      664,
      749,
      733,
      813
    ],
    [
      725,
      383,
      794,
      447
    ]
  ],
  "nmos-mirror_180": [],
  "nmos-mirror_270": [],
  "nmos-mirror_90": [],
  "nmos_0": [
    [
      449,
      170,
      522,
      241
    ],
    [
      540,
      994,
      613,
      1065
    ],
    [
      723,
      201,
      796,
      272
    ]
  ],
  "nmos_180": [],
  "nmos_270": [],
  "nmos_90": [],
  "pmos-cross_0": [
    [
      269,
      691,
      338,
      755
    ]
  ],
  "pmos-cross_180": [],
  "pmos-cross_270": [],
  "pmos-cross_90": [],
  "pmos-mirror_0": [
    [
      114,
      744,
      187,
      815
    ]
  ],
  "pmos-mirror_180": [],
  "pmos-mirror_270": [],
  "pmos-mirror_90": [],
  "pmos_0": [
    [
      269,
      996,
      338,
      1060
    ]
  ],
  "pmos_180": [],
  "pmos_270": [],
  "pmos_90": [],
  "resistor_0": [],
  "resistor_180": [],
  "resistor_270": [],
  "resistor_90": [],
  "vdd_0": [
    [
      52,
      721,
      87,
      781
    ],
    [
      52,
      834,
      87,
      894
    ],
    [
      52,
      894,
      87,
      954
    ],
    [
      52,
      1026,
      87,
      1086
    ]
  ],
  "voltage-lines_0": [],
  "voltage-mirror_0": [],
  "voltage_0": []
}