{
  "capacitor_0": [],
  "capacitor_180": [],
  "capacitor_270": [],
  "capacitor_90": [],
  "current-arrow_0": [
    [
      393,
      358,
      462,
      426
    ]
  ],
  "current-arrow_180": [],
  "current-arrow_270": [],
  "current-arrow_90": [],
  "current_0": [],
  "current_180": [],
  "current_270": [],
  "current_90": [],
  "gnd_0": [
    [
      503,
      372,
      542,
      410
    ],
    [
      991,
      860,
      1030,
      898
    ],
    [
      991,
      1165,
      1030,
      1203
    ]
  ],
  "gnd_180": [],
  "gnd_270": [],
  "gnd_90": [],
  "inductor_0": [],
  "inductor_180": [],
  "inductor_270": [],
  "inductor_90": [],
  "net-black_100": [],
  "net-black_10": [],
  "net-black_1111": [],
  "net-black_111": [
    [
      328,
      376,
      358,
      406
    ]
  ],
  "net-black_120": [],
  "net-black_181": [],
  "net-black_190": [],
  "net-black_1": [],
  "net-black_201": [],
  "net-black_210": [],
  "net-black_21": [
    [
      694,
      376,
      724,
      406
    ]
  ],
  "net-black_271": [],
  "net-black_280": [],
  "net-black_291": [
    [
      175,
      864,
      205,
      894
    ],
    [
      206,
      1170,
      236,
      1200
    ],
    [
      541,
      163,
      571,
      193
    ],
    [
      694,
      864,
      724,
      894
    ],
    [
      816,
      1170,
      846,
      1200
    ],
    [
      846,
      864,
      876,
      894
    ]
  ],
  "net-black_300": [],
  "net-black_30": [
    [
      542,
      590,
      572,
      620
    ],
    [
      542,
      1169,
      572,
      1199
    ]
  ],
  "net-black_91": [],
  "net-white_100": [
    [
      542,
      651,
      572,
      681
    ],
    [
      542,
      1261,
      572,
      1291
    ]
  ],
  "net-white_10": [],
  "net-white_181": [],
  "net-white_190": [],
  "net-white_1": [],
  "net-white_271": [],
  "net-white_280": [
    [
      541,
      102,
      573,
      134
    ]
  ],
  "net-white_91": [],
  "nmos-cross_0": [
    [
      734,
      816,
      806,
      887
    ],
    [
      887,
      816,
      959,
      887
    ]
  ],
  "nmos-cross_180": [
    [
      96,
      1178,
      168,
      1249
    ]
  ],
  "nmos-cross_270": [],
  "nmos-cross_90": [],
  "nmos-mirror-cross_0": [],
  "nmos-mirror-cross_180": [],
  "nmos-mirror-cross_270": [],
  "nmos-mirror-cross_90": [],
  "nmos-mirror_0": [
    [
      249,
      511,
      318,
      575
    ]
  ],
  "nmos-mirror_180": [],
  "nmos-mirror_270": [],
  "nmos-mirror_90": [],
  "nmos_0": [
    [
      246,
      207,
      319,
      278
    ],
    [
      734,
      1122,
      807,
      1193
    ],
    [
      887,
      1122,
      960,
      1193
    ]
  ],
  "nmos_180": [],
  "nmos_270": [],
  "nmos_90": [],
  "pmos-cross_0": [
    [
      280,
      819,
      349,
      883
    ]
  ],
  "pmos-cross_180": [],
  "pmos-cross_270": [],
  "pmos-cross_90": [],
  "pmos-mirror_0": [
    [
      95,
      872,
      168,
      943
    ],
    [
      735,
      506,
      808,
      577
    ]
  ],
  "pmos-mirror_180": [],
  "pmos-mirror_270": [],
  "pmos-mirror_90": [],
  "pmos_0": [
    [
      280,
      1124,
      349,
      1188
    ],
    [
      737,
      209,
      806,
      273
    ]
  ],
  "pmos_180": [],
  "pmos_270": [],
  "pmos_90": [],
  "resistor_0": [],
  "resistor_180": [],
  "resistor_270": [],
  "resistor_90": [],
  "vdd_0": [
    [
      33,
      850,
      68,
      910
    ],
    [
      33,
      956,
      68,
      1016
    ],
    [
      33,
      1016,
      68,
      1076
    ],
    [
      33,
      1154,
      68,
      1214
    ],
    [
      574,
      362,
      609,
      422
    ]
  ],
  "voltage-lines_0": [],
  "voltage-mirror_0": [],
  "voltage_0": []
}