{
  "capacitor_0": [],
  "capacitor_180": [],
  "capacitor_270": [],
  "capacitor_90": [],
  "current-arrow_0": [],
  "current-arrow_180": [],
  "current-arrow_270": [],
  "current-arrow_90": [],
  "current_0": [],
  "current_180": [],
  "current_270": [],
  "current_90": [],
  "gnd_0": [
    [
      676,
      399,
      715,
      437
    ]
  ],
  "gnd_180": [],
  "gnd_270": [],
  "gnd_90": [],
  "inductor_0": [],
  "inductor_180": [],
  "inductor_270": [],
  "inductor_90": [],
  "net-black_100": [],
  "net-black_10": [],
  "net-black_1111": [
    [
      227,
      251,
      257,
      281
    ]
  ],
  "net-black_111": [
    [
      472,
      403,
      502,
      433
    ]
  ],
  "net-black_120": [],
  "net-black_181": [
    [
      563,
      281,
      594,
      312
    ]
  ],
  "net-black_190": [],
  "net-black_1": [],
  "net-black_201": [],
  "net-black_210": [],
  "net-black_21": [
    [
      227,
      190,
      257,
      220
    ],
    [
      227,
      617,
      257,
      647
    ]
  ],
  "net-black_271": [],
  "net-black_280": [],
  "net-black_291": [
    [
      227,
      556,
      257,
      586
    ],
    [
      318,
      556,
      348,
      586
    ]
  ],
  "net-black_300": [],
  "net-black_30": [
    [
      318,
      251,
      348,
      281
    ]
  ],
  "net-black_91": [],
  "net-white_100": [
    [
      319,
      343,
      349,
      373
    ],
    [
      411,
      678,
      441,
      708
    ]
  ],
  "net-white_10": [],
  "net-white_181": [],
  "net-white_190": [],
  "net-white_1": [],
  "net-white_271": [],
  "net-white_280": [
    [
      318,
      464,
      348,
      494
    ],
    [
      411,
      129,
      441,
      159
    ]
  ],
  "net-white_91": [],
  "nmos-cross_0": [],
  "nmos-cross_180": [],
  "nmos-cross_270": [],
  "nmos-cross_90": [],
  "nmos-mirror-cross_0": [],
  "nmos-mirror-cross_180": [],
  "nmos-mirror-cross_270": [],
  "nmos-mirror-cross_90": [],
  "nmos-mirror_0": [
    [
      392,
      569,
      461,
      633
    ]
  ],
  "nmos-mirror_180": [],
  "nmos-mirror_270": [],
  "nmos-mirror_90": [],
  "nmos_0": [
    [
      389,
      204,
      462,
      275
    ],
    [
      542,
      356,
      615,
      427
    ]
  ],
  "nmos_180": [],
  "nmos_270": [],
  "nmos_90": [],
  "pmos-cross_0": [],
  "pmos-cross_180": [],
  "pmos-cross_270": [],
  "pmos-cross_90": [],
  "pmos-mirror_0": [
    [
      116,
      259,
      189,
      330
    ],
    [
      116,
      625,
      189,
      696
    ]
  ],
  "pmos-mirror_180": [],
  "pmos-mirror_270": [],
  "pmos-mirror_90": [],
  "pmos_0": [
    [
      118,
      145,
      187,
      209
    ],
    [
      118,
      511,
      187,
      575
    ]
  ],
  "pmos_180": [],
  "pmos_270": [],
  "pmos_90": [],
  "resistor_0": [],
  "resistor_180": [],
  "resistor_270": [],
  "resistor_90": [],
  "vdd_0": [
    [
      54,
      175,
      89,
      235
    ],
    [
      54,
      236,
      89,
      296
    ],
    [
      54,
      369,
      89,
      429
    ],
    [
      54,
      541,
      89,
      601
    ],
    [
      54,
      602,
      89,
      662
    ]
  ],
  "voltage-lines_0": [],
  "voltage-mirror_0": [],
  "voltage_0": []
}