{
  "capacitor_0": [],
  "capacitor_180": [
    [
      572,
      1009,
      608,
      1070
    ]
  ],
  "capacitor_270": [],
  "capacitor_90": [],
  "current-arrow_0": [],
  "current-arrow_180": [],
  "current-arrow_270": [],
  "current-arrow_90": [],
  "current_0": [
    [
      367,
      902,
      419,
      935
    ],
    [
      538,
      878,
      590,
      911
    ]
  ],
  "current_180": [],
  "current_270": [
    [
      487,
      967,
      515,
      1014
    ]
  ],
  "current_90": [],
  "gnd_0": [
    [
      650,
      1021,
      689,
      1059
    ],
    [
      708,
      301,
      747,
      339
    ],
    [
      794,
      589,
      833,
      627
    ],
    [
      794,
      877,
      833,
      915
    ]
  ],
  "gnd_180": [],
  "gnd_270": [],
  "gnd_90": [],
  "inductor_0": [],
  "inductor_180": [],
  "inductor_270": [],
  "inductor_90": [],
  "net-black_100": [],
  "net-black_10": [],
  "net-black_1111": [],
  "net-black_111": [],
  "net-black_120": [
    [
      485,
      1025,
      515,
      1055
    ],
    [
      543,
      305,
      573,
      335
    ]
  ],
  "net-black_181": [],
  "net-black_190": [],
  "net-black_1": [],
  "net-black_201": [],
  "net-black_210": [],
  "net-black_21": [],
  "net-black_271": [],
  "net-black_280": [],
  "net-black_291": [
    [
      226,
      592,
      256,
      622
    ],
    [
      255,
      880,
      285,
      910
    ],
    [
      542,
      592,
      572,
      622
    ]
  ],
  "net-black_300": [],
  "net-black_30": [
    [
      485,
      880,
      515,
      910
    ]
  ],
  "net-black_91": [],
  "net-white_100": [
    [
      485,
      1082,
      515,
      1112
    ]
  ],
  "net-white_10": [],
  "net-white_181": [],
  "net-white_190": [],
  "net-white_1": [],
  "net-white_271": [],
  "net-white_280": [
    [
      485,
      103,
      515,
      133
    ]
  ],
  "net-white_91": [],
  "nmos-cross_0": [],
  "nmos-cross_180": [],
  "nmos-cross_270": [],
  "nmos-cross_90": [],
  "nmos-mirror-cross_0": [],
  "nmos-mirror-cross_180": [],
  "nmos-mirror-cross_270": [],
  "nmos-mirror-cross_90": [],
  "nmos-mirror_0": [],
  "nmos-mirror_180": [
    [
      323,
      836,
      391,
      901
    ]
  ],
  "nmos-mirror_270": [],
  "nmos-mirror_90": [],
  "nmos_0": [
    [
      468,
      176,
      534,
      236
    ],
    [
      583,
      551,
      649,
      611
    ],
    [
      698,
      551,
      764,
      611
    ],
    [
      698,
      839,
      764,
      899
    ]
  ],
  "nmos_180": [],
  "nmos_270": [],
  "nmos_90": [],
  "pmos-cross_0": [],
  "pmos-cross_180": [],
  "pmos-cross_270": [],
  "pmos-cross_90": [],
  "pmos-mirror_0": [],
  "pmos-mirror_180": [],
  "pmos-mirror_270": [],
  "pmos-mirror_90": [],
  "pmos_0": [],
  "pmos_180": [],
  "pmos_270": [],
  "pmos_90": [],
  "resistor_0": [],
  "resistor_180": [],
  "resistor_270": [],
  "resistor_90": [],
  "vdd_0": [
    [
      63,
      578,
      98,
      638
    ],
    [
      63,
      646,
      98,
      706
    ],
    [
      63,
      706,
      98,
      766
    ],
    [
      63,
      766,
      98,
      826
    ],
    [
      63,
      865,
      98,
      925
    ]
  ],
  "voltage-lines_0": [],
  "voltage-mirror_0": [],
  "voltage_0": []
}