{
  "capacitor_0": [],
  "capacitor_180": [],
  "capacitor_270": [],
  "capacitor_90": [],
  "current-arrow_0": [
    [
      148,
      19,
      217,
      87
    ]
  ],
  "current-arrow_180": [],
  "current-arrow_270": [],
  "current-arrow_90": [],
  "current_0": [],
  "current_180": [],
  "current_270": [],
  "current_90": [],
  "gnd_0": [
    [
      703,
      33,
      742,
      71
    ],
    [
      764,
      1070,
      803,
      1108
    ],
    [
      764,
      1375,
      803,
      1413
    ],
    [
      825,
      247,
      864,
      285
    ],
    [
      825,
      582,
      864,
      620
    ],
    [
      825,
      704,
      864,
      742
    ]
  ],
  "gnd_180": [],
  "gnd_270": [],
  "gnd_90": [],
  "inductor_0": [],
  "inductor_180": [],
  "inductor_270": [],
  "inductor_90": [],
  "net-black_100": [],
  "net-black_10": [
    [
      802,
      160,
      833,
      191
    ]
  ],
  "net-black_1111": [],
  "net-black_111": [
    [
      529,
      647,
      559,
      677
    ]
  ],
  "net-black_120": [
    [
      132,
      342,
      162,
      372
    ]
  ],
  "net-black_181": [],
  "net-black_190": [],
  "net-black_1": [],
  "net-black_201": [],
  "net-black_210": [],
  "net-black_21": [
    [
      376,
      250,
      406,
      280
    ],
    [
      467,
      449,
      497,
      479
    ],
    [
      559,
      418,
      589,
      448
    ],
    [
      620,
      129,
      650,
      159
    ],
    [
      681,
      647,
      711,
      677
    ]
  ],
  "net-black_271": [],
  "net-black_280": [],
  "net-black_291": [
    [
      193,
      1074,
      223,
      1104
    ],
    [
      224,
      1379,
      254,
      1409
    ],
    [
      406,
      1074,
      436,
      1104
    ],
    [
      467,
      1379,
      497,
      1409
    ]
  ],
  "net-black_300": [],
  "net-black_30": [
    [
      224,
      250,
      254,
      280
    ],
    [
      560,
      37,
      590,
      67
    ]
  ],
  "net-black_91": [],
  "net-white_100": [],
  "net-white_10": [
    [
      407,
      418,
      437,
      448
    ],
    [
      407,
      449,
      437,
      479
    ]
  ],
  "net-white_181": [],
  "net-white_190": [],
  "net-white_1": [],
  "net-white_271": [],
  "net-white_280": [],
  "net-white_91": [],
  "nmos-cross_0": [
    [
      539,
      1026,
      611,
      1097
    ]
  ],
  "nmos-cross_180": [],
  "nmos-cross_270": [],
  "nmos-cross_90": [],
  "nmos-mirror-cross_0": [
    [
      601,
      263,
      670,
      327
    ],
    [
      662,
      1392,
      731,
      1456
    ]
  ],
  "nmos-mirror-cross_180": [],
  "nmos-mirror-cross_270": [],
  "nmos-mirror-cross_90": [],
  "nmos-mirror_0": [
    [
      449,
      278,
      518,
      342
    ],
    [
      449,
      751,
      518,
      815
    ],
    [
      602,
      50,
      671,
      114
    ],
    [
      663,
      1087,
      732,
      1151
    ],
    [
      724,
      721,
      793,
      785
    ]
  ],
  "nmos-mirror_180": [],
  "nmos-mirror_270": [],
  "nmos-mirror_90": [],
  "nmos_0": [
    [
      447,
      188,
      520,
      259
    ],
    [
      447,
      508,
      520,
      579
    ],
    [
      538,
      1331,
      611,
      1402
    ],
    [
      602,
      602,
      669,
      664
    ],
    [
      721,
      203,
      794,
      274
    ],
    [
      724,
      541,
      791,
      603
    ]
  ],
  "nmos_180": [],
  "nmos_270": [],
  "nmos_90": [],
  "pmos-cross_0": [
    [
      115,
      1029,
      184,
      1093
    ],
    [
      267,
      1029,
      336,
      1093
    ]
  ],
  "pmos-cross_180": [],
  "pmos-cross_270": [],
  "pmos-cross_90": [],
  "pmos-mirror_0": [
    [
      113,
      258,
      186,
      329
    ]
  ],
  "pmos-mirror_180": [],
  "pmos-mirror_270": [],
  "pmos-mirror_90": [],
  "pmos_0": [
    [
      115,
      1334,
      184,
      1398
    ],
    [
      267,
      1334,
      336,
      1398
    ]
  ],
  "pmos_180": [],
  "pmos_270": [],
  "pmos_90": [],
  "resistor_0": [],
  "resistor_180": [],
  "resistor_270": [],
  "resistor_90": [],
  "vdd_0": [
    [
      52,
      20,
      87,
      86
    ],
    [
      52,
      233,
      87,
      299
    ],
    [
      52,
      1057,
      87,
      1123
    ],
    [
      52,
      1361,
      87,
      1427
    ]
  ],
  "voltage-lines_0": [],
  "voltage-mirror_0": [],
  "voltage_0": []
}