{
  "capacitor_0": [],
  "capacitor_180": [
    [
      519,
      824,
      555,
      885
    ]
  ],
  "capacitor_270": [],
  "capacitor_90": [
    [
      291,
      431,
      352,
      467
    ]
  ],
  "current-arrow_0": [
    [
      553,
      363,
      622,
      431
    ],
    [
      553,
      699,
      622,
      767
    ]
  ],
  "current-arrow_180": [],
  "current-arrow_270": [],
  "current-arrow_90": [],
  "current_0": [],
  "current_180": [],
  "current_270": [],
  "current_90": [],
  "gnd_0": [
    [
      602,
      835,
      641,
      873
    ],
    [
      663,
      378,
      702,
      416
    ],
    [
      663,
      713,
      702,
      751
    ]
  ],
  "gnd_180": [],
  "gnd_270": [],
  "gnd_90": [
    [
      302,
      330,
      340,
      369
    ]
  ],
  "inductor_0": [],
  "inductor_180": [],
  "inductor_270": [],
  "inductor_90": [],
  "net-black_100": [],
  "net-black_10": [],
  "net-black_1111": [
    [
      427,
      716,
      457,
      746
    ]
  ],
  "net-black_111": [
    [
      153,
      320,
      183,
      350
    ],
    [
      427,
      839,
      457,
      869
    ],
    [
      488,
      381,
      518,
      411
    ]
  ],
  "net-black_120": [],
  "net-black_181": [],
  "net-black_190": [],
  "net-black_1": [],
  "net-black_201": [],
  "net-black_210": [],
  "net-black_21": [
    [
      304,
      534,
      334,
      564
    ]
  ],
  "net-black_271": [],
  "net-black_280": [],
  "net-black_291": [],
  "net-black_300": [],
  "net-black_30": [
    [
      244,
      229,
      274,
      259
    ]
  ],
  "net-black_91": [],
  "net-white_100": [
    [
      427,
      930,
      457,
      960
    ]
  ],
  "net-white_10": [],
  "net-white_181": [],
  "net-white_190": [],
  "net-white_1": [],
  "net-white_271": [],
  "net-white_280": [
    [
      427,
      107,
      457,
      137
    ]
  ],
  "net-white_91": [],
  "nmos-cross_0": [],
  "nmos-cross_180": [],
  "nmos-cross_270": [],
  "nmos-cross_90": [],
  "nmos-mirror-cross_0": [],
  "nmos-mirror-cross_180": [],
  "nmos-mirror-cross_270": [],
  "nmos-mirror-cross_90": [],
  "nmos-mirror_0": [
    [
      408,
      546,
      477,
      610
    ]
  ],
  "nmos-mirror_180": [],
  "nmos-mirror_270": [],
  "nmos-mirror_90": [],
  "nmos_0": [
    [
      284,
      669,
      357,
      740
    ],
    [
      406,
      181,
      479,
      252
    ]
  ],
  "nmos_180": [],
  "nmos_270": [],
  "nmos_90": [],
  "pmos-cross_0": [],
  "pmos-cross_180": [],
  "pmos-cross_270": [],
  "pmos-cross_90": [],
  "pmos-mirror_0": [
    [
      133,
      237,
      206,
      308
    ]
  ],
  "pmos-mirror_180": [],
  "pmos-mirror_270": [],
  "pmos-mirror_90": [],
  "pmos_0": [
    [
      135,
      488,
      204,
      552
    ]
  ],
  "pmos_180": [],
  "pmos_270": [],
  "pmos_90": [],
  "resistor_0": [],
  "resistor_180": [],
  "resistor_270": [],
  "resistor_90": [],
  "vdd_0": [
    [
      72,
      212,
      107,
      278
    ],
    [
      72,
      516,
      107,
      582
    ],
    [
      72,
      699,
      107,
      765
    ]
  ],
  "voltage-lines_0": [],
  "voltage-mirror_0": [],
  "voltage_0": []
}