{
  "capacitor_0": [],
  "capacitor_180": [
    [
      391,
      177,
      427,
      238
    ],
    [
      391,
      970,
      427,
      1031
    ]
  ],
  "capacitor_270": [],
  "capacitor_90": [],
  "current-arrow_0": [
    [
      546,
      570,
      615,
      638
    ]
  ],
  "current-arrow_180": [],
  "current-arrow_270": [],
  "current-arrow_90": [],
  "current_0": [],
  "current_180": [],
  "current_270": [],
  "current_90": [],
  "gnd_0": [
    [
      473,
      189,
      512,
      227
    ],
    [
      473,
      981,
      512,
      1019
    ],
    [
      656,
      585,
      695,
      623
    ]
  ],
  "gnd_180": [],
  "gnd_270": [],
  "gnd_90": [],
  "inductor_0": [],
  "inductor_180": [],
  "inductor_270": [],
  "inductor_90": [],
  "net-black_100": [],
  "net-black_10": [],
  "net-black_1111": [],
  "net-black_111": [
    [
      482,
      589,
      512,
      619
    ]
  ],
  "net-black_120": [],
  "net-black_181": [
    [
      147,
      345,
      178,
      376
    ]
  ],
  "net-black_190": [],
  "net-black_1": [],
  "net-black_201": [
    [
      300,
      985,
      330,
      1015
    ],
    [
      301,
      194,
      331,
      224
    ]
  ],
  "net-black_210": [],
  "net-black_21": [],
  "net-black_271": [],
  "net-black_280": [],
  "net-black_291": [
    [
      301,
      466,
      331,
      496
    ]
  ],
  "net-black_300": [],
  "net-black_30": [
    [
      300,
      711,
      330,
      741
    ]
  ],
  "net-black_91": [],
  "net-white_100": [
    [
      300,
      1046,
      330,
      1076
    ],
    [
      422,
      832,
      452,
      862
    ]
  ],
  "net-white_10": [],
  "net-white_181": [],
  "net-white_190": [],
  "net-white_1": [],
  "net-white_271": [],
  "net-white_280": [
    [
      300,
      132,
      330,
      162
    ],
    [
      421,
      344,
      453,
      376
    ]
  ],
  "net-white_91": [],
  "nmos-cross_0": [],
  "nmos-cross_180": [],
  "nmos-cross_270": [],
  "nmos-cross_90": [],
  "nmos-mirror-cross_0": [],
  "nmos-mirror-cross_180": [],
  "nmos-mirror-cross_270": [],
  "nmos-mirror-cross_90": [],
  "nmos-mirror_0": [
    [
      402,
      724,
      471,
      788
    ]
  ],
  "nmos-mirror_180": [],
  "nmos-mirror_270": [],
  "nmos-mirror_90": [],
  "nmos_0": [
    [
      400,
      419,
      473,
      490
    ]
  ],
  "nmos_180": [],
  "nmos_270": [],
  "nmos_90": [],
  "pmos-cross_0": [
    [
      128,
      422,
      197,
      486
    ]
  ],
  "pmos-cross_180": [],
  "pmos-cross_270": [],
  "pmos-cross_90": [],
  "pmos-mirror_0": [],
  "pmos-mirror_180": [],
  "pmos-mirror_270": [],
  "pmos-mirror_90": [],
  "pmos_0": [
    [
      128,
      666,
      197,
      730
    ]
  ],
  "pmos_180": [],
  "pmos_270": [],
  "pmos_90": [],
  "resistor_0": [],
  "resistor_180": [],
  "resistor_270": [],
  "resistor_90": [],
  "vdd_0": [
    [
      66,
      694,
      101,
      760
    ]
  ],
  "voltage-lines_0": [],
  "voltage-mirror_0": [],
  "voltage_0": []
}