{
  "capacitor_0": [],
  "capacitor_180": [],
  "capacitor_270": [],
  "capacitor_90": [],
  "current-arrow_0": [],
  "current-arrow_180": [],
  "current-arrow_270": [],
  "current-arrow_90": [],
  "current_0": [
    [
      219,
      202,
      266,
      230
    ],
    [
      524,
      141,
      571,
      169
    ]
  ],
  "current_180": [],
  "current_270": [],
  "current_90": [],
  "gnd_0": [
    [
      722,
      135,
      761,
      173
    ],
    [
      722,
      562,
      761,
      600
    ]
  ],
  "gnd_180": [],
  "gnd_270": [],
  "gnd_90": [],
  "inductor_0": [],
  "inductor_180": [],
  "inductor_270": [],
  "inductor_90": [],
  "net-black_100": [
    [
      243,
      323,
      274,
      354
    ],
    [
      395,
      323,
      426,
      354
    ]
  ],
  "net-black_10": [],
  "net-black_1111": [],
  "net-black_111": [
    [
      121,
      292,
      151,
      322
    ],
    [
      578,
      566,
      608,
      596
    ]
  ],
  "net-black_120": [],
  "net-black_181": [],
  "net-black_190": [],
  "net-black_1": [],
  "net-black_201": [],
  "net-black_210": [],
  "net-black_21": [
    [
      639,
      231,
      669,
      261
    ]
  ],
  "net-black_271": [],
  "net-black_280": [],
  "net-black_291": [
    [
      334,
      414,
      364,
      444
    ]
  ],
  "net-black_300": [],
  "net-black_30": [
    [
      182,
      200,
      212,
      230
    ],
    [
      334,
      719,
      364,
      749
    ],
    [
      578,
      139,
      608,
      169
    ]
  ],
  "net-black_91": [],
  "net-white_100": [
    [
      334,
      810,
      364,
      840
    ],
    [
      517,
      841,
      547,
      871
    ]
  ],
  "net-white_10": [],
  "net-white_181": [],
  "net-white_190": [],
  "net-white_1": [],
  "net-white_271": [],
  "net-white_280": [
    [
      334,
      323,
      364,
      353
    ],
    [
      516,
      291,
      548,
      323
    ]
  ],
  "net-white_91": [],
  "nmos-cross_0": [
    [
      374,
      365,
      446,
      436
    ]
  ],
  "nmos-cross_180": [],
  "nmos-cross_270": [],
  "nmos-cross_90": [],
  "nmos-mirror-cross_0": [],
  "nmos-mirror-cross_180": [],
  "nmos-mirror-cross_270": [],
  "nmos-mirror-cross_90": [],
  "nmos-mirror_0": [
    [
      499,
      732,
      568,
      796
    ],
    [
      621,
      152,
      690,
      216
    ]
  ],
  "nmos-mirror_180": [],
  "nmos-mirror_270": [],
  "nmos-mirror_90": [],
  "nmos_0": [
    [
      374,
      671,
      447,
      742
    ],
    [
      496,
      366,
      569,
      437
    ],
    [
      618,
      519,
      691,
      590
    ]
  ],
  "nmos_180": [],
  "nmos_270": [],
  "nmos_90": [],
  "pmos-cross_0": [
    [
      103,
      369,
      172,
      433
    ],
    [
      225,
      369,
      294,
      433
    ]
  ],
  "pmos-cross_180": [],
  "pmos-cross_270": [],
  "pmos-cross_90": [],
  "pmos-mirror_0": [
    [
      101,
      208,
      174,
      279
    ]
  ],
  "pmos-mirror_180": [],
  "pmos-mirror_270": [],
  "pmos-mirror_90": [],
  "pmos_0": [
    [
      103,
      674,
      172,
      738
    ],
    [
      225,
      674,
      294,
      738
    ]
  ],
  "pmos_180": [],
  "pmos_270": [],
  "pmos_90": [],
  "resistor_0": [],
  "resistor_180": [],
  "resistor_270": [],
  "resistor_90": [],
  "vdd_0": [
    [
      40,
      183,
      75,
      249
    ],
    [
      40,
      396,
      75,
      462
    ],
    [
      40,
      702,
      75,
      768
    ]
  ],
  "voltage-lines_0": [],
  "voltage-mirror_0": [],
  "voltage_0": []
}