{
  "capacitor_0": [
    [
      440,
      1087,
      476,
      1148
    ]
  ],
  "capacitor_180": [],
  "capacitor_270": [],
  "capacitor_90": [],
  "current-arrow_0": [
    [
      626,
      565,
      695,
      633
    ]
  ],
  "current-arrow_180": [],
  "current-arrow_270": [],
  "current-arrow_90": [],
  "current_0": [
    [
      230,
      737,
      277,
      765
    ],
    [
      387,
      432,
      434,
      460
    ]
  ],
  "current_180": [
    [
      363,
      737,
      410,
      765
    ]
  ],
  "current_270": [
    [
      319,
      861,
      347,
      908
    ]
  ],
  "current_90": [],
  "gnd_0": [
    [
      523,
      1098,
      562,
      1136
    ],
    [
      675,
      945,
      714,
      983
    ],
    [
      736,
      579,
      775,
      617
    ]
  ],
  "gnd_180": [],
  "gnd_270": [],
  "gnd_90": [],
  "inductor_0": [],
  "inductor_180": [],
  "inductor_270": [],
  "inductor_90": [],
  "net-black_100": [],
  "net-black_10": [],
  "net-black_1111": [],
  "net-black_111": [
    [
      135,
      522,
      165,
      552
    ],
    [
      317,
      737,
      347,
      767
    ],
    [
      318,
      949,
      348,
      979
    ],
    [
      562,
      583,
      592,
      613
    ]
  ],
  "net-black_120": [
    [
      317,
      1102,
      347,
      1132
    ]
  ],
  "net-black_181": [],
  "net-black_190": [],
  "net-black_1": [],
  "net-black_201": [],
  "net-black_210": [],
  "net-black_21": [],
  "net-black_271": [],
  "net-black_280": [],
  "net-black_291": [
    [
      500,
      949,
      530,
      979
    ]
  ],
  "net-black_300": [],
  "net-black_30": [
    [
      226,
      431,
      256,
      461
    ]
  ],
  "net-black_91": [],
  "net-white_100": [
    [
      317,
      1193,
      347,
      1223
    ]
  ],
  "net-white_10": [],
  "net-white_181": [],
  "net-white_190": [],
  "net-white_1": [],
  "net-white_271": [],
  "net-white_280": [
    [
      500,
      278,
      530,
      308
    ]
  ],
  "net-white_91": [],
  "nmos-cross_0": [],
  "nmos-cross_180": [],
  "nmos-cross_270": [],
  "nmos-cross_90": [],
  "nmos-mirror-cross_0": [],
  "nmos-mirror-cross_180": [],
  "nmos-mirror-cross_270": [],
  "nmos-mirror-cross_90": [],
  "nmos-mirror_0": [
    [
      482,
      748,
      551,
      812
    ]
  ],
  "nmos-mirror_180": [],
  "nmos-mirror_270": [],
  "nmos-mirror_90": [],
  "nmos_0": [
    [
      479,
      383,
      552,
      454
    ]
  ],
  "nmos_180": [],
  "nmos_270": [],
  "nmos_90": [],
  "pmos-cross_0": [],
  "pmos-cross_180": [],
  "pmos-cross_270": [],
  "pmos-cross_90": [],
  "pmos-mirror_0": [
    [
      115,
      438,
      188,
      509
    ]
  ],
  "pmos-mirror_180": [],
  "pmos-mirror_270": [],
  "pmos-mirror_90": [],
  "pmos_0": [
    [
      117,
      690,
      186,
      754
    ]
  ],
  "pmos_180": [],
  "pmos_270": [],
  "pmos_90": [],
  "resistor_0": [
    [
      574,
      940,
      634,
      990
    ]
  ],
  "resistor_180": [
    [
      417,
      940,
      477,
      990
    ]
  ],
  "resistor_270": [],
  "resistor_90": [],
  "vdd_0": [
    [
      54,
      718,
      89,
      784
    ],
    [
      449,
      1270,
      484,
      1330
    ]
  ],
  "voltage-lines_0": [],
  "voltage-mirror_0": [],
  "voltage_0": []
}