{
  "capacitor_0": [],
  "capacitor_180": [],
  "capacitor_270": [],
  "capacitor_90": [],
  "current-arrow_0": [],
  "current-arrow_180": [],
  "current-arrow_270": [],
  "current-arrow_90": [],
  "current_0": [],
  "current_180": [],
  "current_270": [],
  "current_90": [],
  "gnd_0": [
    [
      839,
      421,
      878,
      459
    ]
  ],
  "gnd_180": [],
  "gnd_270": [],
  "gnd_90": [],
  "inductor_0": [],
  "inductor_180": [],
  "inductor_270": [],
  "inductor_90": [],
  "net-black_100": [
    [
      451,
      150,
      482,
      181
    ],
    [
      756,
      334,
      787,
      365
    ]
  ],
  "net-black_10": [],
  "net-black_1111": [],
  "net-black_111": [
    [
      664,
      425,
      694,
      455
    ]
  ],
  "net-black_120": [],
  "net-black_181": [
    [
      147,
      150,
      178,
      181
    ]
  ],
  "net-black_190": [],
  "net-black_1": [],
  "net-black_201": [],
  "net-black_210": [],
  "net-black_21": [
    [
      297,
      425,
      327,
      455
    ]
  ],
  "net-black_271": [],
  "net-black_280": [],
  "net-black_291": [
    [
      267,
      425,
      297,
      455
    ],
    [
      389,
      273,
      419,
      303
    ]
  ],
  "net-black_300": [],
  "net-black_30": [
    [
      390,
      578,
      420,
      608
    ]
  ],
  "net-black_91": [],
  "net-white_100": [
    [
      390,
      669,
      420,
      699
    ],
    [
      603,
      700,
      633,
      730
    ]
  ],
  "net-white_10": [],
  "net-white_181": [],
  "net-white_190": [],
  "net-white_1": [],
  "net-white_271": [],
  "net-white_280": [
    [
      389,
      182,
      419,
      212
    ],
    [
      603,
      151,
      633,
      181
    ]
  ],
  "net-white_91": [],
  "nmos-cross_0": [
    [
      430,
      224,
      502,
      295
    ]
  ],
  "nmos-cross_180": [],
  "nmos-cross_270": [],
  "nmos-cross_90": [],
  "nmos-mirror-cross_0": [],
  "nmos-mirror-cross_180": [],
  "nmos-mirror-cross_270": [],
  "nmos-mirror-cross_90": [],
  "nmos-mirror_0": [
    [
      584,
      591,
      653,
      655
    ]
  ],
  "nmos-mirror_180": [],
  "nmos-mirror_270": [],
  "nmos-mirror_90": [],
  "nmos_0": [
    [
      432,
      533,
      499,
      595
    ],
    [
      582,
      225,
      655,
      296
    ],
    [
      735,
      378,
      808,
      449
    ]
  ],
  "nmos_180": [],
  "nmos_270": [],
  "nmos_90": [],
  "pmos-cross_0": [
    [
      128,
      227,
      197,
      291
    ]
  ],
  "pmos-cross_180": [],
  "pmos-cross_270": [],
  "pmos-cross_90": [],
  "pmos-mirror_0": [
    [
      278,
      281,
      351,
      352
    ]
  ],
  "pmos-mirror_180": [],
  "pmos-mirror_270": [],
  "pmos-mirror_90": [],
  "pmos_0": [
    [
      128,
      533,
      197,
      597
    ],
    [
      280,
      533,
      349,
      597
    ]
  ],
  "pmos_180": [],
  "pmos_270": [],
  "pmos_90": [],
  "resistor_0": [],
  "resistor_180": [],
  "resistor_270": [],
  "resistor_90": [],
  "vdd_0": [
    [
      65,
      255,
      100,
      321
    ],
    [
      65,
      561,
      100,
      627
    ]
  ],
  "voltage-lines_0": [],
  "voltage-mirror_0": [],
  "voltage_0": []
}