{
  "capacitor_0": [],
  "capacitor_180": [],
  "capacitor_270": [],
  "capacitor_90": [],
  "current-arrow_0": [
    [
      143,
      50,
      212,
      118
    ]
  ],
  "current-arrow_180": [],
  "current-arrow_270": [],
  "current-arrow_90": [],
  "current_0": [],
  "current_180": [],
  "current_270": [],
  "current_90": [],
  "gnd_0": [
    [
      699,
      64,
      738,
      102
    ],
    [
      760,
      979,
      799,
      1017
    ],
    [
      760,
      1283,
      799,
      1321
    ],
    [
      821,
      216,
      860,
      254
    ],
    [
      821,
      491,
      860,
      529
    ],
    [
      821,
      613,
      860,
      651
    ]
  ],
  "gnd_180": [],
  "gnd_270": [],
  "gnd_90": [],
  "inductor_0": [],
  "inductor_180": [],
  "inductor_270": [],
  "inductor_90": [],
  "net-black_100": [],
  "net-black_10": [],
  "net-black_1111": [],
  "net-black_111": [
    [
      524,
      555,
      554,
      585
    ]
  ],
  "net-black_120": [
    [
      128,
      312,
      158,
      342
    ]
  ],
  "net-black_181": [],
  "net-black_190": [],
  "net-black_1": [],
  "net-black_201": [],
  "net-black_210": [],
  "net-black_21": [
    [
      615,
      159,
      645,
      189
    ],
    [
      676,
      555,
      706,
      585
    ]
  ],
  "net-black_271": [],
  "net-black_280": [],
  "net-black_291": [
    [
      188,
      983,
      218,
      1013
    ],
    [
      219,
      1288,
      249,
      1318
    ],
    [
      402,
      983,
      432,
      1013
    ],
    [
      463,
      1288,
      493,
      1318
    ]
  ],
  "net-black_300": [],
  "net-black_30": [
    [
      219,
      220,
      249,
      250
    ],
    [
      555,
      68,
      585,
      98
    ]
  ],
  "net-black_91": [
    [
      798,
      129,
      829,
      160
    ]
  ],
  "net-white_100": [],
  "net-white_10": [],
  "net-white_181": [],
  "net-white_190": [],
  "net-white_1": [],
  "net-white_271": [],
  "net-white_280": [
    [
      463,
      373,
      493,
      403
    ],
    [
      554,
      373,
      584,
      403
    ]
  ],
  "net-white_91": [],
  "nmos-cross_0": [
    [
      534,
      934,
      606,
      1005
    ]
  ],
  "nmos-cross_180": [],
  "nmos-cross_270": [],
  "nmos-cross_90": [],
  "nmos-mirror-cross_0": [
    [
      597,
      233,
      666,
      297
    ],
    [
      658,
      1300,
      727,
      1364
    ]
  ],
  "nmos-mirror-cross_180": [],
  "nmos-mirror-cross_270": [],
  "nmos-mirror-cross_90": [],
  "nmos-mirror_0": [
    [
      444,
      660,
      513,
      724
    ],
    [
      597,
      81,
      666,
      145
    ],
    [
      658,
      996,
      727,
      1060
    ],
    [
      719,
      629,
      788,
      693
    ]
  ],
  "nmos-mirror_180": [],
  "nmos-mirror_270": [],
  "nmos-mirror_90": [],
  "nmos_0": [
    [
      442,
      417,
      515,
      488
    ],
    [
      534,
      1240,
      607,
      1311
    ],
    [
      595,
      508,
      668,
      579
    ],
    [
      717,
      173,
      790,
      244
    ],
    [
      717,
      447,
      790,
      518
    ]
  ],
  "nmos_180": [],
  "nmos_270": [],
  "nmos_90": [],
  "pmos-cross_0": [
    [
      110,
      937,
      179,
      1001
    ],
    [
      262,
      937,
      331,
      1001
    ]
  ],
  "pmos-cross_180": [],
  "pmos-cross_270": [],
  "pmos-cross_90": [],
  "pmos-mirror_0": [
    [
      108,
      228,
      181,
      299
    ]
  ],
  "pmos-mirror_180": [],
  "pmos-mirror_270": [],
  "pmos-mirror_90": [],
  "pmos_0": [
    [
      110,
      1242,
      179,
      1306
    ],
    [
      262,
      1242,
      331,
      1306
    ]
  ],
  "pmos_180": [],
  "pmos_270": [],
  "pmos_90": [],
  "resistor_0": [],
  "resistor_180": [],
  "resistor_270": [],
  "resistor_90": [],
  "vdd_0": [
    [
      46,
      53,
      81,
      113
    ],
    [
      46,
      113,
      81,
      173
    ],
    [
      46,
      205,
      81,
      265
    ],
    [
      46,
      265,
      81,
      325
    ],
    [
      46,
      325,
      81,
      385
    ],
    [
      46,
      385,
      81,
      445
    ],
    [
      46,
      445,
      81,
      505
    ],
    [
      46,
      505,
      81,
      565
    ],
    [
      46,
      565,
      81,
      625
    ],
    [
      46,
      625,
      81,
      685
    ],
    [
      46,
      685,
      81,
      745
    ],
    [
      46,
      745,
      81,
      805
    ],
    [
      46,
      805,
      81,
      865
    ],
    [
      46,
      865,
      81,
      925
    ],
    [
      46,
      925,
      81,
      985
    ],
    [
      46,
      1071,
      81,
      1131
    ],
    [
      46,
      1272,
      81,
      1332
    ]
  ],
  "voltage-lines_0": [],
  "voltage-mirror_0": [],
  "voltage_0": []
}