{
  "capacitor_0": [],
  "capacitor_180": [],
  "capacitor_270": [],
  "capacitor_90": [],
  "current-arrow_0": [],
  "current-arrow_180": [],
  "current-arrow_270": [],
  "current-arrow_90": [],
  "current_0": [],
  "current_180": [],
  "current_270": [],
  "current_90": [],
  "gnd_0": [
    [
      366,
      103,
      410,
      146
    ],
    [
      462,
      358,
      506,
      401
    ]
  ],
  "gnd_180": [],
  "gnd_270": [],
  "gnd_90": [],
  "inductor_0": [],
  "inductor_180": [],
  "inductor_270": [],
  "inductor_90": [],
  "net-black_100": [],
  "net-black_10": [],
  "net-black_1111": [],
  "net-black_111": [],
  "net-black_120": [],
  "net-black_181": [],
  "net-black_190": [],
  "net-black_1": [],
  "net-black_201": [],
  "net-black_210": [],
  "net-black_21": [
    [
      281,
      205,
      311,
      235
    ]
  ],
  "net-black_271": [],
  "net-black_280": [],
  "net-black_291": [],
  "net-black_300": [],
  "net-black_30": [
    [
      186,
      109,
      216,
      139
    ]
  ],
  "net-black_91": [],
  "net-white_100": [],
  "net-white_10": [],
  "net-white_181": [],
  "net-white_190": [],
  "net-white_1": [],
  "net-white_271": [],
  "net-white_280": [],
  "net-white_91": [],
  "nmos-cross_0": [],
  "nmos-cross_180": [],
  "nmos-cross_270": [],
  "nmos-cross_90": [],
  "nmos-mirror-cross_0": [],
  "nmos-mirror-cross_180": [],
  "nmos-mirror-cross_270": [],
  "nmos-mirror-cross_90": [],
  "nmos-mirror_0": [
    [
      260,
      121,
      334,
      190
    ]
  ],
  "nmos-mirror_180": [],
  "nmos-mirror_270": [],
  "nmos-mirror_90": [],
  "nmos_0": [
    [
      259,
      315,
      334,
      386
    ]
  ],
  "nmos_180": [],
  "nmos_270": [],
  "nmos_90": [],
  "pmos-cross_0": [],
  "pmos-cross_180": [],
  "pmos-cross_270": [],
  "pmos-cross_90": [],
  "pmos-mirror_0": [],
  "pmos-mirror_180": [],
  "pmos-mirror_270": [],
  "pmos-mirror_90": [],
  "pmos_0": [],
  "pmos_180": [],
  "pmos_270": [],
  "pmos_90": [],
  "resistor_0": [
    [
      366,
      354,
      424,
      407
    ]
  ],
  "resistor_180": [
    [
      110,
      99,
      168,
      152
    ],
    [
      110,
      354,
      168,
      407
    ]
  ],
  "resistor_270": [],
  "resistor_90": [],
  "vdd_0": [
    [
      37,
      92,
      72,
      158
    ],
    [
      37,
      347,
      72,
      413
    ]
  ],
  "voltage-lines_0": [],
  "voltage-mirror_0": [],
  "voltage_0": []
}