{
  "capacitor_0": [],
  "capacitor_180": [],
  "capacitor_270": [],
  "capacitor_90": [],
  "current-arrow_0": [],
  "current-arrow_180": [],
  "current-arrow_270": [],
  "current-arrow_90": [],
  "current_0": [],
  "current_180": [],
  "current_270": [],
  "current_90": [],
  "gnd_0": [
    [
      668,
      370,
      707,
      408
    ]
  ],
  "gnd_180": [],
  "gnd_270": [],
  "gnd_90": [],
  "inductor_0": [],
  "inductor_180": [],
  "inductor_270": [],
  "inductor_90": [],
  "net-black_100": [],
  "net-black_10": [],
  "net-black_1111": [],
  "net-black_111": [],
  "net-black_120": [
    [
      463,
      374,
      493,
      404
    ]
  ],
  "net-black_181": [
    [
      221,
      129,
      252,
      160
    ],
    [
      555,
      252,
      586,
      283
    ]
  ],
  "net-black_190": [],
  "net-black_1": [],
  "net-black_201": [],
  "net-black_210": [],
  "net-black_21": [],
  "net-black_271": [],
  "net-black_280": [],
  "net-black_291": [
    [
      310,
      496,
      340,
      526
    ]
  ],
  "net-black_300": [],
  "net-black_30": [
    [
      311,
      252,
      341,
      282
    ]
  ],
  "net-black_91": [],
  "net-white_100": [
    [
      311,
      313,
      341,
      343
    ],
    [
      402,
      617,
      432,
      647
    ]
  ],
  "net-white_10": [],
  "net-white_181": [],
  "net-white_190": [],
  "net-white_1": [],
  "net-white_271": [],
  "net-white_280": [
    [
      310,
      434,
      342,
      466
    ],
    [
      403,
      130,
      433,
      160
    ]
  ],
  "net-white_91": [],
  "nmos-cross_0": [],
  "nmos-cross_180": [],
  "nmos-cross_270": [],
  "nmos-cross_90": [],
  "nmos-mirror-cross_0": [],
  "nmos-mirror-cross_180": [],
  "nmos-mirror-cross_270": [],
  "nmos-mirror-cross_90": [],
  "nmos-mirror_0": [
    [
      384,
      508,
      453,
      572
    ]
  ],
  "nmos-mirror_180": [],
  "nmos-mirror_270": [],
  "nmos-mirror_90": [],
  "nmos_0": [
    [
      381,
      204,
      454,
      275
    ],
    [
      534,
      326,
      607,
      397
    ]
  ],
  "nmos_180": [],
  "nmos_270": [],
  "nmos_90": [],
  "pmos-cross_0": [
    [
      202,
      206,
      271,
      270
    ]
  ],
  "pmos-cross_180": [],
  "pmos-cross_270": [],
  "pmos-cross_90": [],
  "pmos-mirror_0": [],
  "pmos-mirror_180": [],
  "pmos-mirror_270": [],
  "pmos-mirror_90": [],
  "pmos_0": [
    [
      201,
      450,
      270,
      514
    ]
  ],
  "pmos_180": [],
  "pmos_270": [],
  "pmos_90": [],
  "resistor_0": [],
  "resistor_180": [
    [
      113,
      242,
      173,
      292
    ],
    [
      113,
      486,
      173,
      536
    ]
  ],
  "resistor_270": [],
  "resistor_90": [],
  "vdd_0": [
    [
      46,
      237,
      81,
      297
    ],
    [
      46,
      297,
      81,
      357
    ],
    [
      46,
      357,
      81,
      417
    ],
    [
      46,
      417,
      81,
      477
    ],
    [
      46,
      480,
      81,
      540
    ]
  ],
  "voltage-lines_0": [],
  "voltage-mirror_0": [],
  "voltage_0": []
}