{
  "capacitor_0": [],
  "capacitor_180": [],
  "capacitor_270": [],
  "capacitor_90": [],
  "current-arrow_0": [
    [
      663,
      368,
      732,
      436
    ]
  ],
  "current-arrow_180": [],
  "current-arrow_270": [],
  "current-arrow_90": [],
  "current_0": [],
  "current_180": [],
  "current_270": [],
  "current_90": [],
  "gnd_0": [
    [
      773,
      383,
      812,
      421
    ]
  ],
  "gnd_180": [],
  "gnd_270": [],
  "gnd_90": [],
  "inductor_0": [],
  "inductor_180": [],
  "inductor_270": [],
  "inductor_90": [],
  "net-black_100": [],
  "net-black_10": [],
  "net-black_1111": [],
  "net-black_111": [
    [
      446,
      296,
      476,
      326
    ],
    [
      598,
      387,
      628,
      417
    ]
  ],
  "net-black_120": [],
  "net-black_181": [],
  "net-black_190": [],
  "net-black_1": [],
  "net-black_201": [],
  "net-black_210": [],
  "net-black_21": [],
  "net-black_271": [],
  "net-black_280": [],
  "net-black_291": [
    [
      216,
      570,
      246,
      600
    ],
    [
      292,
      570,
      322,
      600
    ],
    [
      415,
      479,
      445,
      509
    ]
  ],
  "net-black_300": [],
  "net-black_30": [
    [
      217,
      205,
      247,
      235
    ],
    [
      263,
      205,
      293,
      235
    ]
  ],
  "net-black_91": [],
  "net-white_100": [
    [
      217,
      326,
      247,
      356
    ]
  ],
  "net-white_10": [],
  "net-white_181": [],
  "net-white_190": [],
  "net-white_1": [],
  "net-white_271": [],
  "net-white_280": [
    [
      216,
      448,
      248,
      480
    ],
    [
      354,
      83,
      384,
      113
    ],
    [
      475,
      82,
      507,
      114
    ],
    [
      537,
      174,
      567,
      204
    ],
    [
      628,
      174,
      658,
      204
    ]
  ],
  "net-white_91": [],
  "nmos-cross_0": [
    [
      333,
      156,
      405,
      227
    ]
  ],
  "nmos-cross_180": [],
  "nmos-cross_270": [],
  "nmos-cross_90": [],
  "nmos-mirror-cross_0": [
    [
      335,
      583,
      404,
      647
    ]
  ],
  "nmos-mirror-cross_180": [],
  "nmos-mirror-cross_270": [],
  "nmos-mirror-cross_90": [],
  "nmos-mirror_0": [
    [
      335,
      492,
      404,
      556
    ],
    [
      518,
      492,
      587,
      556
    ]
  ],
  "nmos-mirror_180": [],
  "nmos-mirror_270": [],
  "nmos-mirror_90": [],
  "nmos_0": [
    [
      333,
      248,
      406,
      319
    ],
    [
      516,
      248,
      589,
      319
    ]
  ],
  "nmos_180": [],
  "nmos_270": [],
  "nmos_90": [],
  "pmos-cross_0": [],
  "pmos-cross_180": [],
  "pmos-cross_270": [],
  "pmos-cross_90": [],
  "pmos-mirror_0": [],
  "pmos-mirror_180": [],
  "pmos-mirror_270": [],
  "pmos-mirror_90": [],
  "pmos_0": [],
  "pmos_180": [],
  "pmos_270": [],
  "pmos_90": [],
  "resistor_0": [],
  "resistor_180": [
    [
      126,
      195,
      186,
      245
    ],
    [
      126,
      561,
      186,
      611
    ]
  ],
  "resistor_270": [],
  "resistor_90": [],
  "vdd_0": [
    [
      59,
      190,
      94,
      250
    ],
    [
      59,
      250,
      94,
      310
    ],
    [
      59,
      310,
      94,
      370
    ],
    [
      59,
      370,
      94,
      430
    ],
    [
      59,
      430,
      94,
      490
    ],
    [
      59,
      490,
      94,
      550
    ],
    [
      59,
      555,
      94,
      615
    ]
  ],
  "voltage-lines_0": [],
  "voltage-mirror_0": [],
  "voltage_0": []
}