{
  "capacitor_0": [],
  "capacitor_180": [
    [
      584,
      450,
      621,
      516
    ]
  ],
  "capacitor_270": [],
  "capacitor_90": [],
  "current-arrow_0": [
    [
      110,
      574,
      181,
      646
    ],
    [
      520,
      128,
      591,
      200
    ]
  ],
  "current-arrow_180": [],
  "current-arrow_270": [],
  "current-arrow_90": [],
  "current_0": [],
  "current_180": [],
  "current_270": [],
  "current_90": [],
  "gnd_0": [
    [
      605,
      237,
      649,
      280
    ],
    [
      605,
      588,
      649,
      631
    ],
    [
      637,
      141,
      681,
      184
    ],
    [
      668,
      460,
      712,
      503
    ]
  ],
  "gnd_180": [],
  "gnd_270": [],
  "gnd_90": [],
  "inductor_0": [],
  "inductor_180": [],
  "inductor_270": [],
  "inductor_90": [],
  "net-black_100": [],
  "net-black_10": [],
  "net-black_1111": [
    [
      520,
      466,
      550,
      496
    ]
  ],
  "net-black_111": [],
  "net-black_120": [],
  "net-black_181": [],
  "net-black_190": [],
  "net-black_1": [],
  "net-black_201": [
    [
      426,
      147,
      456,
      177
    ]
  ],
  "net-black_210": [],
  "net-black_21": [],
  "net-black_271": [],
  "net-black_280": [
    [
      328,
      370,
      359,
      401
    ]
  ],
  "net-black_291": [
    [
      424,
      594,
      454,
      624
    ],
    [
      425,
      244,
      455,
      274
    ]
  ],
  "net-black_300": [],
  "net-black_30": [
    [
      233,
      243,
      263,
      273
    ]
  ],
  "net-black_91": [],
  "net-white_100": [
    [
      232,
      338,
      264,
      370
    ]
  ],
  "net-white_10": [],
  "net-white_181": [],
  "net-white_190": [],
  "net-white_1": [],
  "net-white_271": [],
  "net-white_280": [
    [
      425,
      83,
      457,
      115
    ]
  ],
  "net-white_91": [],
  "nmos-cross_0": [],
  "nmos-cross_180": [],
  "nmos-cross_270": [],
  "nmos-cross_90": [],
  "nmos-mirror-cross_0": [],
  "nmos-mirror-cross_180": [],
  "nmos-mirror-cross_270": [],
  "nmos-mirror-cross_90": [],
  "nmos-mirror_0": [
    [
      308,
      255,
      382,
      324
    ],
    [
      499,
      255,
      573,
      324
    ]
  ],
  "nmos-mirror_180": [],
  "nmos-mirror_270": [],
  "nmos-mirror_90": [],
  "nmos_0": [
    [
      497,
      544,
      572,
      615
    ]
  ],
  "nmos_180": [],
  "nmos_270": [],
  "nmos_90": [],
  "pmos-cross_0": [],
  "pmos-cross_180": [],
  "pmos-cross_270": [],
  "pmos-cross_90": [],
  "pmos-mirror_0": [],
  "pmos-mirror_180": [],
  "pmos-mirror_270": [],
  "pmos-mirror_90": [],
  "pmos_0": [],
  "pmos_180": [],
  "pmos_270": [],
  "pmos_90": [],
  "resistor_0": [],
  "resistor_180": [
    [
      126,
      233,
      184,
      286
    ]
  ],
  "resistor_270": [],
  "resistor_90": [],
  "vdd_0": [
    [
      53,
      226,
      88,
      292
    ],
    [
      53,
      577,
      88,
      643
    ]
  ],
  "voltage-lines_0": [],
  "voltage-mirror_0": [],
  "voltage_0": []
}