{
  "capacitor_0": [],
  "capacitor_180": [
    [
      383,
      298,
      419,
      359
    ]
  ],
  "capacitor_270": [],
  "capacitor_90": [],
  "current-arrow_0": [],
  "current-arrow_180": [],
  "current-arrow_270": [],
  "current-arrow_90": [],
  "current_0": [],
  "current_180": [],
  "current_270": [],
  "current_90": [],
  "gnd_0": [
    [
      405,
      736,
      444,
      774
    ],
    [
      435,
      65,
      474,
      103
    ],
    [
      466,
      309,
      505,
      347
    ],
    [
      496,
      584,
      535,
      622
    ],
    [
      679,
      187,
      718,
      225
    ]
  ],
  "gnd_180": [],
  "gnd_270": [],
  "gnd_90": [],
  "inductor_0": [],
  "inductor_180": [],
  "inductor_270": [],
  "inductor_90": [],
  "net-black_100": [],
  "net-black_10": [],
  "net-black_1111": [],
  "net-black_111": [
    [
      322,
      313,
      352,
      343
    ]
  ],
  "net-black_120": [],
  "net-black_181": [],
  "net-black_190": [],
  "net-black_1": [],
  "net-black_201": [],
  "net-black_210": [],
  "net-black_21": [],
  "net-black_271": [],
  "net-black_280": [],
  "net-black_291": [],
  "net-black_300": [],
  "net-black_30": [
    [
      230,
      740,
      260,
      770
    ],
    [
      321,
      191,
      351,
      221
    ],
    [
      535,
      191,
      565,
      221
    ]
  ],
  "net-black_91": [],
  "net-white_100": [
    [
      321,
      404,
      351,
      434
    ]
  ],
  "net-white_10": [],
  "net-white_181": [],
  "net-white_190": [],
  "net-white_1": [],
  "net-white_271": [],
  "net-white_280": [],
  "net-white_91": [],
  "nmos-cross_0": [],
  "nmos-cross_180": [],
  "nmos-cross_270": [],
  "nmos-cross_90": [],
  "nmos-mirror-cross_0": [],
  "nmos-mirror-cross_180": [],
  "nmos-mirror-cross_270": [],
  "nmos-mirror-cross_90": [],
  "nmos-mirror_0": [],
  "nmos-mirror_180": [],
  "nmos-mirror_270": [],
  "nmos-mirror_90": [],
  "nmos_0": [
    [
      301,
      693,
      374,
      764
    ],
    [
      362,
      143,
      435,
      214
    ]
  ],
  "nmos_180": [],
  "nmos_270": [],
  "nmos_90": [],
  "pmos-cross_0": [],
  "pmos-cross_180": [],
  "pmos-cross_270": [],
  "pmos-cross_90": [],
  "pmos-mirror_0": [],
  "pmos-mirror_180": [],
  "pmos-mirror_270": [],
  "pmos-mirror_90": [],
  "pmos_0": [],
  "pmos_180": [],
  "pmos_270": [],
  "pmos_90": [],
  "resistor_0": [
    [
      128,
      731,
      188,
      781
    ],
    [
      189,
      182,
      249,
      232
    ],
    [
      586,
      182,
      646,
      232
    ]
  ],
  "resistor_180": [],
  "resistor_270": [],
  "resistor_90": [
    [
      525,
      273,
      576,
      329
    ]
  ],
  "vdd_0": [
    [
      58,
      174,
      93,
      240
    ],
    [
      58,
      723,
      93,
      789
    ]
  ],
  "voltage-lines_0": [],
  "voltage-mirror_0": [],
  "voltage_0": [
    [
      383,
      569,
      473,
      650
    ]
  ]
}