{
  "capacitor_0": [],
  "capacitor_180": [],
  "capacitor_270": [],
  "capacitor_90": [],
  "current-arrow_0": [
    [
      521,
      365,
      590,
      433
    ]
  ],
  "current-arrow_180": [],
  "current-arrow_270": [],
  "current-arrow_90": [],
  "current_0": [],
  "current_180": [],
  "current_270": [],
  "current_90": [],
  "gnd_0": [
    [
      631,
      379,
      670,
      417
    ]
  ],
  "gnd_180": [],
  "gnd_270": [],
  "gnd_90": [],
  "inductor_0": [],
  "inductor_180": [],
  "inductor_270": [],
  "inductor_90": [],
  "net-black_100": [],
  "net-black_10": [],
  "net-black_1111": [],
  "net-black_111": [
    [
      121,
      383,
      151,
      413
    ],
    [
      456,
      383,
      486,
      413
    ]
  ],
  "net-black_120": [],
  "net-black_181": [],
  "net-black_190": [],
  "net-black_1": [],
  "net-black_201": [],
  "net-black_210": [],
  "net-black_21": [
    [
      242,
      383,
      272,
      413
    ]
  ],
  "net-black_271": [],
  "net-black_280": [],
  "net-black_291": [
    [
      242,
      536,
      272,
      566
    ],
    [
      303,
      536,
      333,
      566
    ]
  ],
  "net-black_300": [],
  "net-black_30": [
    [
      243,
      231,
      273,
      261
    ],
    [
      304,
      231,
      334,
      261
    ]
  ],
  "net-black_91": [],
  "net-white_100": [
    [
      304,
      322,
      334,
      352
    ]
  ],
  "net-white_10": [],
  "net-white_181": [],
  "net-white_190": [],
  "net-white_1": [],
  "net-white_271": [],
  "net-white_280": [
    [
      303,
      444,
      335,
      476
    ],
    [
      395,
      79,
      425,
      109
    ],
    [
      486,
      79,
      516,
      109
    ]
  ],
  "net-white_91": [],
  "nmos-cross_0": [],
  "nmos-cross_180": [],
  "nmos-cross_270": [],
  "nmos-cross_90": [],
  "nmos-mirror-cross_0": [],
  "nmos-mirror-cross_180": [],
  "nmos-mirror-cross_270": [],
  "nmos-mirror-cross_90": [],
  "nmos-mirror_0": [
    [
      377,
      548,
      446,
      612
    ]
  ],
  "nmos-mirror_180": [],
  "nmos-mirror_270": [],
  "nmos-mirror_90": [],
  "nmos_0": [
    [
      374,
      183,
      447,
      254
    ]
  ],
  "nmos_180": [],
  "nmos_270": [],
  "nmos_90": [],
  "pmos-cross_0": [],
  "pmos-cross_180": [],
  "pmos-cross_270": [],
  "pmos-cross_90": [],
  "pmos-mirror_0": [
    [
      101,
      239,
      174,
      310
    ]
  ],
  "pmos-mirror_180": [],
  "pmos-mirror_270": [],
  "pmos-mirror_90": [],
  "pmos_0": [
    [
      103,
      491,
      172,
      555
    ]
  ],
  "pmos_180": [],
  "pmos_270": [],
  "pmos_90": [],
  "resistor_0": [],
  "resistor_180": [],
  "resistor_270": [
    [
      234,
      304,
      285,
      360
    ],
    [
      234,
      449,
      285,
      505
    ]
  ],
  "resistor_90": [],
  "vdd_0": [
    [
      39,
      216,
      74,
      276
    ],
    [
      39,
      276,
      74,
      336
    ],
    [
      39,
      336,
      74,
      396
    ],
    [
      39,
      396,
      74,
      456
    ],
    [
      39,
      456,
      74,
      516
    ],
    [
      39,
      521,
      74,
      581
    ]
  ],
  "voltage-lines_0": [],
  "voltage-mirror_0": [],
  "voltage_0": []
}