{
  "capacitor_0": [],
  "capacitor_180": [],
  "capacitor_270": [
    [
      186,
      543,
      247,
      579
    ]
  ],
  "capacitor_90": [],
  "current-arrow_0": [
    [
      308,
      673,
      377,
      741
    ]
  ],
  "current-arrow_180": [],
  "current-arrow_270": [],
  "current-arrow_90": [],
  "current_0": [],
  "current_180": [],
  "current_270": [],
  "current_90": [],
  "gnd_0": [
    [
      406,
      687,
      445,
      725
    ],
    [
      436,
      16,
      475,
      54
    ],
    [
      436,
      443,
      475,
      481
    ],
    [
      680,
      138,
      719,
      176
    ]
  ],
  "gnd_180": [],
  "gnd_270": [],
  "gnd_90": [],
  "inductor_0": [],
  "inductor_180": [],
  "inductor_270": [],
  "inductor_90": [],
  "net-black_100": [],
  "net-black_10": [],
  "net-black_1111": [],
  "net-black_111": [],
  "net-black_120": [],
  "net-black_181": [],
  "net-black_190": [],
  "net-black_1": [],
  "net-black_201": [],
  "net-black_210": [],
  "net-black_21": [
    [
      261,
      264,
      291,
      294
    ],
    [
      261,
      752,
      291,
      782
    ]
  ],
  "net-black_271": [],
  "net-black_280": [],
  "net-black_291": [],
  "net-black_300": [],
  "net-black_30": [
    [
      261,
      142,
      291,
      172
    ],
    [
      261,
      691,
      291,
      721
    ],
    [
      536,
      142,
      566,
      172
    ]
  ],
  "net-black_91": [],
  "net-white_100": [
    [
      261,
      294,
      291,
      324
    ]
  ],
  "net-white_10": [],
  "net-white_181": [],
  "net-white_190": [],
  "net-white_1": [],
  "net-white_271": [],
  "net-white_280": [],
  "net-white_91": [],
  "nmos-cross_0": [],
  "nmos-cross_180": [],
  "nmos-cross_270": [],
  "nmos-cross_90": [],
  "nmos-mirror-cross_0": [],
  "nmos-mirror-cross_180": [],
  "nmos-mirror-cross_270": [],
  "nmos-mirror-cross_90": [],
  "nmos-mirror_0": [],
  "nmos-mirror_180": [],
  "nmos-mirror_270": [],
  "nmos-mirror_90": [],
  "nmos_0": [
    [
      363,
      95,
      436,
      166
    ]
  ],
  "nmos_180": [],
  "nmos_270": [],
  "nmos_90": [],
  "pmos-cross_0": [],
  "pmos-cross_180": [],
  "pmos-cross_270": [],
  "pmos-cross_90": [],
  "pmos-mirror_0": [],
  "pmos-mirror_180": [],
  "pmos-mirror_270": [],
  "pmos-mirror_90": [],
  "pmos_0": [],
  "pmos_180": [],
  "pmos_270": [],
  "pmos_90": [],
  "resistor_0": [
    [
      129,
      743,
      189,
      793
    ],
    [
      587,
      133,
      647,
      183
    ]
  ],
  "resistor_180": [
    [
      186,
      133,
      246,
      183
    ]
  ],
  "resistor_270": [
    [
      527,
      227,
      578,
      283
    ]
  ],
  "resistor_90": [],
  "vdd_0": [
    [
      59,
      125,
      94,
      191
    ],
    [
      59,
      735,
      94,
      801
    ]
  ],
  "voltage-lines_0": [],
  "voltage-mirror_0": [],
  "voltage_0": [
    [
      323,
      428,
      413,
      509
    ]
  ]
}