{
  "capacitor_0": [],
  "capacitor_180": [],
  "capacitor_270": [],
  "capacitor_90": [],
  "current-arrow_0": [],
  "current-arrow_180": [],
  "current-arrow_270": [],
  "current-arrow_90": [],
  "current_0": [],
  "current_180": [],
  "current_270": [],
  "current_90": [],
  "gnd_0": [
    [
      826,
      669,
      865,
      707
    ],
    [
      948,
      241,
      987,
      279
    ],
    [
      948,
      1004,
      987,
      1042
    ]
  ],
  "gnd_180": [],
  "gnd_270": [],
  "gnd_90": [],
  "inductor_0": [],
  "inductor_180": [],
  "inductor_270": [],
  "inductor_90": [],
  "net-black_100": [
    [
      163,
      458,
      194,
      489
    ],
    [
      469,
      458,
      500,
      489
    ],
    [
      743,
      581,
      774,
      612
    ],
    [
      865,
      153,
      896,
      184
    ]
  ],
  "net-black_10": [],
  "net-black_1111": [],
  "net-black_111": [
    [
      682,
      672,
      712,
      702
    ]
  ],
  "net-black_120": [],
  "net-black_181": [],
  "net-black_190": [],
  "net-black_1": [],
  "net-black_201": [],
  "net-black_210": [],
  "net-black_21": [
    [
      315,
      642,
      345,
      672
    ]
  ],
  "net-black_271": [
    [
      284,
      642,
      315,
      673
    ]
  ],
  "net-black_280": [],
  "net-black_291": [
    [
      407,
      551,
      437,
      581
    ],
    [
      500,
      245,
      530,
      275
    ]
  ],
  "net-black_300": [],
  "net-black_30": [
    [
      407,
      795,
      437,
      825
    ],
    [
      500,
      1008,
      530,
      1038
    ]
  ],
  "net-black_91": [],
  "net-white_100": [
    [
      500,
      1070,
      530,
      1100
    ],
    [
      621,
      917,
      651,
      947
    ]
  ],
  "net-white_10": [],
  "net-white_181": [],
  "net-white_190": [],
  "net-white_1": [],
  "net-white_271": [],
  "net-white_280": [
    [
      499,
      184,
      529,
      214
    ],
    [
      620,
      427,
      652,
      459
    ]
  ],
  "net-white_91": [],
  "nmos-cross_0": [
    [
      447,
      502,
      519,
      573
    ],
    [
      844,
      196,
      916,
      267
    ]
  ],
  "nmos-cross_180": [],
  "nmos-cross_270": [],
  "nmos-cross_90": [],
  "nmos-mirror-cross_0": [],
  "nmos-mirror-cross_180": [],
  "nmos-mirror-cross_270": [],
  "nmos-mirror-cross_90": [],
  "nmos-mirror_0": [
    [
      602,
      807,
      671,
      871
    ]
  ],
  "nmos-mirror_180": [],
  "nmos-mirror_270": [],
  "nmos-mirror_90": [],
  "nmos_0": [
    [
      447,
      747,
      520,
      818
    ],
    [
      600,
      503,
      673,
      574
    ],
    [
      722,
      625,
      795,
      696
    ],
    [
      844,
      961,
      917,
      1032
    ]
  ],
  "nmos_180": [],
  "nmos_270": [],
  "nmos_90": [],
  "pmos-cross_0": [
    [
      145,
      505,
      214,
      569
    ]
  ],
  "pmos-cross_180": [],
  "pmos-cross_270": [],
  "pmos-cross_90": [],
  "pmos-mirror_0": [
    [
      235,
      253,
      308,
      324
    ],
    [
      296,
      558,
      369,
      629
    ]
  ],
  "pmos-mirror_180": [],
  "pmos-mirror_270": [],
  "pmos-mirror_90": [],
  "pmos_0": [
    [
      145,
      749,
      214,
      813
    ],
    [
      237,
      963,
      306,
      1027
    ],
    [
      298,
      749,
      367,
      813
    ]
  ],
  "pmos_180": [],
  "pmos_270": [],
  "pmos_90": [],
  "resistor_0": [],
  "resistor_180": [],
  "resistor_270": [],
  "resistor_90": [],
  "vdd_0": [
    [
      81,
      230,
      116,
      290
    ],
    [
      81,
      290,
      116,
      350
    ],
    [
      81,
      350,
      116,
      410
    ],
    [
      81,
      410,
      116,
      470
    ],
    [
      81,
      470,
      116,
      530
    ],
    [
      81,
      535,
      116,
      595
    ],
    [
      81,
      595,
      116,
      655
    ],
    [
      81,
      655,
      116,
      715
    ],
    [
      81,
      715,
      116,
      775
    ],
    [
      81,
      779,
      116,
      839
    ],
    [
      81,
      839,
      116,
      899
    ],
    [
      81,
      899,
      116,
      959
    ],
    [
      81,
      993,
      116,
      1053
    ]
  ],
  "voltage-lines_0": [],
  "voltage-mirror_0": [],
  "voltage_0": []
}