{
  "capacitor_0": [
    [
      429,
      796,
      465,
      857
    ]
  ],
  "capacitor_180": [
    [
      124,
      399,
      160,
      460
    ]
  ],
  "capacitor_270": [],
  "capacitor_90": [
    [
      323,
      647,
      384,
      683
    ]
  ],
  "current-arrow_0": [
    [
      493,
      121,
      562,
      189
    ]
  ],
  "current-arrow_180": [],
  "current-arrow_270": [],
  "current-arrow_90": [],
  "current_0": [],
  "current_180": [],
  "current_270": [],
  "current_90": [],
  "gnd_0": [
    [
      511,
      807,
      550,
      845
    ],
    [
      572,
      715,
      611,
      753
    ],
    [
      603,
      136,
      642,
      174
    ]
  ],
  "gnd_180": [],
  "gnd_270": [],
  "gnd_90": [],
  "inductor_0": [],
  "inductor_180": [],
  "inductor_270": [],
  "inductor_90": [],
  "net-black_100": [
    [
      489,
      597,
      520,
      628
    ]
  ],
  "net-black_10": [],
  "net-black_1111": [
    [
      214,
      414,
      244,
      444
    ],
    [
      336,
      719,
      366,
      749
    ]
  ],
  "net-black_111": [
    [
      337,
      810,
      367,
      840
    ]
  ],
  "net-black_120": [],
  "net-black_181": [],
  "net-black_190": [],
  "net-black_1": [],
  "net-black_201": [],
  "net-black_210": [],
  "net-black_21": [
    [
      427,
      231,
      457,
      261
    ]
  ],
  "net-black_271": [],
  "net-black_280": [],
  "net-black_291": [],
  "net-black_300": [],
  "net-black_30": [
    [
      276,
      140,
      306,
      170
    ],
    [
      428,
      140,
      458,
      170
    ]
  ],
  "net-black_91": [],
  "net-white_100": [
    [
      336,
      902,
      366,
      932
    ]
  ],
  "net-white_10": [],
  "net-white_181": [],
  "net-white_190": [],
  "net-white_1": [],
  "net-white_271": [],
  "net-white_280": [
    [
      214,
      353,
      246,
      385
    ]
  ],
  "net-white_91": [],
  "nmos-cross_0": [],
  "nmos-cross_180": [],
  "nmos-cross_270": [],
  "nmos-cross_90": [],
  "nmos-mirror-cross_0": [],
  "nmos-mirror-cross_180": [],
  "nmos-mirror-cross_270": [],
  "nmos-mirror-cross_90": [],
  "nmos-mirror_0": [],
  "nmos-mirror_180": [],
  "nmos-mirror_270": [],
  "nmos-mirror_90": [],
  "nmos_0": [
    [
      468,
      672,
      541,
      743
    ]
  ],
  "nmos_180": [],
  "nmos_270": [],
  "nmos_90": [],
  "pmos-cross_0": [],
  "pmos-cross_180": [],
  "pmos-cross_270": [],
  "pmos-cross_90": [],
  "pmos-mirror_0": [
    [
      195,
      148,
      268,
      219
    ],
    [
      347,
      148,
      420,
      219
    ]
  ],
  "pmos-mirror_180": [],
  "pmos-mirror_270": [],
  "pmos-mirror_90": [],
  "pmos_0": [
    [
      197,
      674,
      266,
      738
    ]
  ],
  "pmos_180": [],
  "pmos_270": [
    [
      350,
      457,
      414,
      526
    ]
  ],
  "pmos_90": [],
  "resistor_0": [],
  "resistor_180": [],
  "resistor_270": [],
  "resistor_90": [],
  "vdd_0": [
    [
      72,
      125,
      107,
      185
    ],
    [
      72,
      185,
      107,
      245
    ],
    [
      72,
      245,
      107,
      305
    ],
    [
      72,
      305,
      107,
      365
    ],
    [
      72,
      399,
      107,
      459
    ],
    [
      72,
      459,
      107,
      519
    ],
    [
      72,
      519,
      107,
      579
    ],
    [
      72,
      579,
      107,
      639
    ],
    [
      72,
      639,
      107,
      699
    ],
    [
      72,
      704,
      107,
      764
    ]
  ],
  "voltage-lines_0": [],
  "voltage-mirror_0": [],
  "voltage_0": []
}