{
  "capacitor_0": [],
  "capacitor_180": [
    [
      283,
      354,
      319,
      415
    ],
    [
      283,
      933,
      319,
      994
    ]
  ],
  "capacitor_270": [],
  "capacitor_90": [
    [
      85,
      480,
      146,
      516
    ],
    [
      177,
      236,
      238,
      272
    ]
  ],
  "current-arrow_0": [
    [
      256,
      564,
      325,
      632
    ]
  ],
  "current-arrow_180": [],
  "current-arrow_270": [],
  "current-arrow_90": [],
  "current_0": [],
  "current_180": [],
  "current_270": [],
  "current_90": [],
  "gnd_0": [
    [
      365,
      121,
      404,
      159
    ],
    [
      365,
      365,
      404,
      403
    ],
    [
      365,
      578,
      404,
      616
    ],
    [
      365,
      792,
      404,
      830
    ],
    [
      365,
      944,
      404,
      982
    ]
  ],
  "gnd_180": [],
  "gnd_270": [],
  "gnd_90": [],
  "inductor_0": [],
  "inductor_180": [],
  "inductor_270": [],
  "inductor_90": [],
  "net-black_100": [],
  "net-black_10": [],
  "net-black_1111": [],
  "net-black_111": [
    [
      191,
      796,
      221,
      826
    ],
    [
      191,
      948,
      221,
      978
    ]
  ],
  "net-black_120": [],
  "net-black_181": [],
  "net-black_190": [],
  "net-black_1": [],
  "net-black_201": [],
  "net-black_210": [],
  "net-black_21": [],
  "net-black_271": [],
  "net-black_280": [],
  "net-black_291": [
    [
      190,
      369,
      220,
      399
    ]
  ],
  "net-black_300": [],
  "net-black_30": [
    [
      191,
      582,
      221,
      612
    ]
  ],
  "net-black_91": [],
  "net-white_100": [
    [
      191,
      1040,
      221,
      1070
    ]
  ],
  "net-white_10": [],
  "net-white_181": [],
  "net-white_190": [],
  "net-white_1": [],
  "net-white_271": [],
  "net-white_280": [],
  "net-white_91": [],
  "nmos-cross_0": [],
  "nmos-cross_180": [],
  "nmos-cross_270": [],
  "nmos-cross_90": [],
  "nmos-mirror-cross_0": [],
  "nmos-mirror-cross_180": [],
  "nmos-mirror-cross_270": [],
  "nmos-mirror-cross_90": [],
  "nmos-mirror_0": [],
  "nmos-mirror_180": [],
  "nmos-mirror_270": [],
  "nmos-mirror_90": [],
  "nmos_0": [],
  "nmos_180": [],
  "nmos_270": [],
  "nmos_90": [],
  "pmos-cross_0": [],
  "pmos-cross_180": [],
  "pmos-cross_270": [],
  "pmos-cross_90": [],
  "pmos-mirror_0": [],
  "pmos-mirror_180": [],
  "pmos-mirror_270": [],
  "pmos-mirror_90": [],
  "pmos_0": [],
  "pmos_180": [],
  "pmos_270": [],
  "pmos_90": [],
  "resistor_0": [
    [
      272,
      787,
      332,
      837
    ]
  ],
  "resistor_180": [],
  "resistor_270": [],
  "resistor_90": [],
  "vdd_0": [],
  "voltage-lines_0": [],
  "voltage-mirror_0": [],
  "voltage_0": [
    [
      253,
      106,
      343,
      187
    ]
  ]
}