{
  "capacitor_0": [],
  "capacitor_180": [],
  "capacitor_270": [],
  "capacitor_90": [],
  "current-arrow_0": [],
  "current-arrow_180": [],
  "current-arrow_270": [],
  "current-arrow_90": [],
  "current_0": [],
  "current_180": [],
  "current_270": [],
  "current_90": [],
  "gnd_0": [
    [
      504,
      410,
      543,
      448
    ],
    [
      596,
      227,
      635,
      265
    ],
    [
      596,
      562,
      635,
      600
    ],
    [
      596,
      776,
      635,
      814
    ]
  ],
  "gnd_180": [],
  "gnd_270": [],
  "gnd_90": [],
  "inductor_0": [],
  "inductor_180": [],
  "inductor_270": [],
  "inductor_90": [],
  "net-black_100": [],
  "net-black_10": [],
  "net-black_1111": [],
  "net-black_111": [],
  "net-black_120": [
    [
      421,
      567,
      451,
      597
    ]
  ],
  "net-black_181": [],
  "net-black_190": [],
  "net-black_1": [],
  "net-black_201": [],
  "net-black_210": [],
  "net-black_21": [],
  "net-black_271": [],
  "net-black_280": [],
  "net-black_291": [
    [
      421,
      780,
      451,
      810
    ]
  ],
  "net-black_300": [],
  "net-black_30": [
    [
      208,
      231,
      238,
      261
    ],
    [
      421,
      231,
      451,
      261
    ]
  ],
  "net-black_91": [],
  "net-white_100": [],
  "net-white_10": [],
  "net-white_181": [],
  "net-white_190": [],
  "net-white_1": [],
  "net-white_271": [],
  "net-white_280": [
    [
      298,
      108,
      330,
      140
    ],
    [
      421,
      506,
      451,
      536
    ]
  ],
  "net-white_91": [],
  "nmos-cross_0": [],
  "nmos-cross_180": [],
  "nmos-cross_270": [],
  "nmos-cross_90": [],
  "nmos-mirror-cross_0": [],
  "nmos-mirror-cross_180": [],
  "nmos-mirror-cross_270": [],
  "nmos-mirror-cross_90": [],
  "nmos-mirror_0": [],
  "nmos-mirror_180": [],
  "nmos-mirror_270": [],
  "nmos-mirror_90": [],
  "nmos_0": [
    [
      278,
      183,
      351,
      254
    ]
  ],
  "nmos_180": [],
  "nmos_270": [],
  "nmos_90": [],
  "pmos-cross_0": [],
  "pmos-cross_180": [],
  "pmos-cross_270": [],
  "pmos-cross_90": [],
  "pmos-mirror_0": [],
  "pmos-mirror_180": [],
  "pmos-mirror_270": [],
  "pmos-mirror_90": [],
  "pmos_0": [
    [
      190,
      734,
      259,
      798
    ]
  ],
  "pmos_180": [],
  "pmos_270": [],
  "pmos_90": [],
  "resistor_0": [
    [
      106,
      222,
      166,
      272
    ]
  ],
  "resistor_180": [
    [
      498,
      221,
      558,
      271
    ],
    [
      498,
      557,
      558,
      607
    ],
    [
      498,
      770,
      558,
      820
    ]
  ],
  "resistor_270": [
    [
      412,
      651,
      463,
      707
    ]
  ],
  "resistor_90": [
    [
      411,
      313,
      462,
      369
    ]
  ],
  "vdd_0": [
    [
      36,
      214,
      71,
      280
    ],
    [
      36,
      762,
      71,
      828
    ]
  ],
  "voltage-lines_0": [],
  "voltage-mirror_0": [],
  "voltage_0": []
}